date,food_item,menu,food_category,kitchen,season,meal_type,day_of_week,attendance,predicted_demand,planned_production,overprod_gap_pct,historical_waste_rate,historical_waste_kg,waste_quantity_kg,has_waste
2025-01-01,Steamed Seasonal Market Vegetables,Classic American Comfort,VEGETABLES,Central University Dining Hall,Winter,BREAKFAST,2,1773,617,690,11.8,0.1266,27.3,26.3,1
2025-01-01,Steamed Seasonal Market Vegetables,Classic American Comfort,VEGETABLES,Central University Dining Hall,Winter,BREAKFAST,2,1278,490,532,8.6,0.1532,26.3,8.9,1
2025-01-01,Steamed Saffron Basmati Rice Pilaf,Classic American Comfort,GRAINS_PASTA,Executive Conference Pavilion,Winter,BREAKFAST,2,943,345,364,5.5,0.0924,11.2,15.1,1
2025-01-02,Artisan Four-Cheese Beef Lasagna,Mediterranean Harvest,GRAINS_PASTA,St. Mary Healthcare Nutrition Center,Winter,LUNCH,3,1383,528,573,8.5,0.0615,11.4,13.4,1
2025-01-02,Roasted Mediterranean Ratatouille,Mediterranean Harvest,VEGETABLES,North Academic Commons,Winter,LUNCH,3,1067,384,402,4.7,0.1586,21.3,9.3,1
2025-01-02,Roasted Mediterranean Ratatouille,Mediterranean Harvest,VEGETABLES,North Academic Commons,Winter,LUNCH,3,1953,669,695,3.9,0.1242,29.1,9.2,1
2025-01-03,Herb-Crusted Atlantic Salmon Fillet,Asian Wok & Noodle Bar,MEAT_SEAFOOD,Executive Conference Pavilion,Winter,DINNER,4,1652,597,727,21.8,0.0287,6.0,62.8,1
2025-01-03,Herb-Crusted Atlantic Salmon Fillet,Asian Wok & Noodle Bar,MEAT_SEAFOOD,Executive Conference Pavilion,Winter,DINNER,4,996,334,412,23.4,0.0672,7.9,42.7,1
2025-01-03,Creamy Wild Mushroom Soup,Asian Wok & Noodle Bar,PREPARED_SOUP,Central University Dining Hall,Winter,DINNER,4,1529,534,682,27.7,0.1281,23.9,82.1,1
2025-01-04,Braised Prime Beef Short Ribs,Chef's Daily Carvery Special,MEAT_SEAFOOD,St. Mary Healthcare Nutrition Center,Winter,BANQUET,5,2085,747,785,5.1,0.0618,16.2,30.4,1
2025-01-04,Garden Mixed Greens & Baby Spinach,Chef's Daily Carvery Special,VEGETABLES,North Academic Commons,Winter,BANQUET,5,1745,629,674,7.2,0.1987,43.7,27.8,1
2025-01-04,Braised Prime Beef Short Ribs,Chef's Daily Carvery Special,MEAT_SEAFOOD,St. Mary Healthcare Nutrition Center,Winter,BANQUET,5,851,282,302,7.1,0.0779,7.7,16.5,1
2025-01-05,Lemon Rosemary Grilled Chicken Breast,Global Plant-Forward Fusion,MEAT_SEAFOOD,Central University Dining Hall,Winter,LUNCH_DINNER_COMBO,6,1197,308,316,2.6,0.072,7.8,0.3,0
2025-01-05,Lemon Rosemary Grilled Chicken Breast,Global Plant-Forward Fusion,MEAT_SEAFOOD,Central University Dining Hall,Winter,LUNCH_DINNER_COMBO,6,1701,412,428,3.9,0.0909,13.1,18.5,1
2025-01-05,Artisan Sourdough Rolls & Baguettes,Global Plant-Forward Fusion,BAKERY,Executive Conference Pavilion,Winter,LUNCH_DINNER_COMBO,6,2091,540,560,3.7,0.1545,29.2,11.0,1
2025-01-06,Tuscan Penne alla Vodka,Classic American Comfort,GRAINS_PASTA,North Academic Commons,Winter,BREAKFAST,0,1377,456,488,7.0,0.1051,16.8,7.8,1
2025-01-06,Tuscan Penne alla Vodka,Classic American Comfort,GRAINS_PASTA,North Academic Commons,Winter,BREAKFAST,0,1717,590,634,7.5,0.0336,6.9,20.7,1
2025-01-06,Greek Yogurt & Fresh Berry Parfait,Classic American Comfort,DAIRY,St. Mary Healthcare Nutrition Center,Winter,BREAKFAST,0,1676,600,651,8.5,0.1333,28.0,20.6,1
2025-01-07,Steamed Saffron Basmati Rice Pilaf,Mediterranean Harvest,GRAINS_PASTA,Executive Conference Pavilion,Winter,LUNCH,1,1673,536,587,9.5,0.1366,25.6,14.5,1
2025-01-07,Steamed Saffron Basmati Rice Pilaf,Mediterranean Harvest,GRAINS_PASTA,Executive Conference Pavilion,Winter,LUNCH,1,1810,657,721,9.7,0.1079,24.8,17.4,1
2025-01-07,Steamed Seasonal Market Vegetables,Mediterranean Harvest,VEGETABLES,Central University Dining Hall,Winter,LUNCH,1,1238,443,481,8.6,0.1304,20.2,9.8,1
2025-01-08,Roasted Mediterranean Ratatouille,Asian Wok & Noodle Bar,VEGETABLES,North Academic Commons,Winter,DINNER,2,1247,417,451,8.2,0.1194,17.4,14.8,1
2025-01-08,Artisan Four-Cheese Beef Lasagna,Asian Wok & Noodle Bar,GRAINS_PASTA,St. Mary Healthcare Nutrition Center,Winter,DINNER,2,1045,385,413,7.3,0.0539,7.3,7.8,1
2025-01-08,Artisan Four-Cheese Beef Lasagna,Asian Wok & Noodle Bar,GRAINS_PASTA,St. Mary Healthcare Nutrition Center,Winter,DINNER,2,1295,508,544,7.1,0.0817,14.5,15.1,1
2025-01-09,Herb-Crusted Atlantic Salmon Fillet,Chef's Daily Carvery Special,MEAT_SEAFOOD,Executive Conference Pavilion,Winter,BANQUET,3,1282,486,536,10.3,0.1133,19.3,17.4,1
2025-01-09,Creamy Wild Mushroom Soup,Chef's Daily Carvery Special,PREPARED_SOUP,Central University Dining Hall,Winter,BANQUET,3,1713,589,605,2.7,0.1375,28.3,7.1,1
2025-01-09,Creamy Wild Mushroom Soup,Chef's Daily Carvery Special,PREPARED_SOUP,Central University Dining Hall,Winter,BANQUET,3,1564,526,576,9.5,0.1192,21.9,15.2,1
2025-01-10,Garden Mixed Greens & Baby Spinach,Global Plant-Forward Fusion,VEGETABLES,North Academic Commons,Winter,LUNCH_DINNER_COMBO,4,1864,460,518,12.6,0.1613,26.0,38.9,1
2025-01-10,Garden Mixed Greens & Baby Spinach,Global Plant-Forward Fusion,VEGETABLES,North Academic Commons,Winter,LUNCH_DINNER_COMBO,4,1778,466,604,29.6,0.1741,28.4,61.6,1
2025-01-10,Braised Prime Beef Short Ribs,Global Plant-Forward Fusion,MEAT_SEAFOOD,St. Mary Healthcare Nutrition Center,Winter,LUNCH_DINNER_COMBO,4,1215,306,379,23.9,0.0584,6.3,41.8,1
2025-01-11,Lemon Rosemary Grilled Chicken Breast,Classic American Comfort,MEAT_SEAFOOD,Central University Dining Hall,Winter,BREAKFAST,5,1809,609,634,4.1,0.0442,9.4,22.1,1
2025-01-11,Artisan Sourdough Rolls & Baguettes,Classic American Comfort,BAKERY,Executive Conference Pavilion,Winter,BREAKFAST,5,1432,496,521,5.0,0.1854,32.2,26.3,1
2025-01-11,Artisan Sourdough Rolls & Baguettes,Classic American Comfort,BAKERY,Executive Conference Pavilion,Winter,BREAKFAST,5,1261,427,446,4.4,0.1042,15.6,18.5,1
2025-01-12,Greek Yogurt & Fresh Berry Parfait,Mediterranean Harvest,DAIRY,St. Mary Healthcare Nutrition Center,Winter,LUNCH,6,1703,570,622,9.1,0.0877,17.5,20.4,1
2025-01-12,Greek Yogurt & Fresh Berry Parfait,Mediterranean Harvest,DAIRY,St. Mary Healthcare Nutrition Center,Winter,LUNCH,6,1459,525,559,6.5,0.0382,7.0,7.4,1
2025-01-12,Tuscan Penne alla Vodka,Mediterranean Harvest,GRAINS_PASTA,North Academic Commons,Winter,LUNCH,6,1788,643,668,3.9,0.1328,29.9,10.2,1
2025-01-13,Steamed Seasonal Market Vegetables,Asian Wok & Noodle Bar,VEGETABLES,Central University Dining Hall,Winter,DINNER,0,1695,603,635,5.3,0.1402,29.6,11.7,1
2025-01-13,Steamed Saffron Basmati Rice Pilaf,Asian Wok & Noodle Bar,GRAINS_PASTA,Executive Conference Pavilion,Winter,DINNER,0,1247,387,396,2.3,0.12,16.3,2.6,0
2025-01-13,Steamed Seasonal Market Vegetables,Asian Wok & Noodle Bar,VEGETABLES,Central University Dining Hall,Winter,DINNER,0,1587,594,637,7.2,0.148,30.8,16.2,1
2025-01-14,Roasted Mediterranean Ratatouille,Chef's Daily Carvery Special,VEGETABLES,North Academic Commons,Winter,BANQUET,1,1964,709,751,5.9,0.1406,34.9,10.6,1
2025-01-14,Roasted Mediterranean Ratatouille,Chef's Daily Carvery Special,VEGETABLES,North Academic Commons,Winter,BANQUET,1,1295,438,454,3.7,0.162,24.8,15.3,1
2025-01-14,Artisan Four-Cheese Beef Lasagna,Chef's Daily Carvery Special,GRAINS_PASTA,St. Mary Healthcare Nutrition Center,Winter,BANQUET,1,1623,537,611,13.8,0.1049,19.7,29.7,1
2025-01-15,Herb-Crusted Atlantic Salmon Fillet,Global Plant-Forward Fusion,MEAT_SEAFOOD,Executive Conference Pavilion,Winter,LUNCH_DINNER_COMBO,2,2051,577,640,10.9,0.0954,19.3,27.3,1
2025-01-15,Herb-Crusted Atlantic Salmon Fillet,Global Plant-Forward Fusion,MEAT_SEAFOOD,Executive Conference Pavilion,Winter,LUNCH_DINNER_COMBO,2,1317,316,361,14.2,0.095,10.5,11.2,1
2025-01-15,Creamy Wild Mushroom Soup,Global Plant-Forward Fusion,PREPARED_SOUP,Central University Dining Hall,Winter,LUNCH_DINNER_COMBO,2,1717,437,463,5.9,0.0988,15.1,14.6,1
2025-01-16,Braised Prime Beef Short Ribs,Classic American Comfort,MEAT_SEAFOOD,St. Mary Healthcare Nutrition Center,Winter,BREAKFAST,3,1710,632,701,10.9,0.0653,14.4,29.4,1
2025-01-16,Braised Prime Beef Short Ribs,Classic American Comfort,MEAT_SEAFOOD,St. Mary Healthcare Nutrition Center,Winter,BREAKFAST,3,1217,441,453,2.7,0.02,3.1,10.7,1
2025-01-16,Garden Mixed Greens & Baby Spinach,Classic American Comfort,VEGETABLES,North Academic Commons,Winter,BREAKFAST,3,1316,469,525,11.9,0.1895,31.1,25.6,1
2025-01-17,Lemon Rosemary Grilled Chicken Breast,Mediterranean Harvest,MEAT_SEAFOOD,Central University Dining Hall,Winter,LUNCH,4,1959,700,857,22.4,0.1147,28.1,77.2,1
2025-01-17,Artisan Sourdough Rolls & Baguettes,Mediterranean Harvest,BAKERY,Executive Conference Pavilion,Winter,LUNCH,4,1586,551,701,27.2,0.0956,18.4,68.3,1
2025-01-17,Lemon Rosemary Grilled Chicken Breast,Mediterranean Harvest,MEAT_SEAFOOD,Central University Dining Hall,Winter,LUNCH,4,1462,475,608,28.0,0.02,3.3,61.9,1
2025-01-18,Greek Yogurt & Fresh Berry Parfait,Asian Wok & Noodle Bar,DAIRY,St. Mary Healthcare Nutrition Center,Winter,DINNER,5,1842,678,694,2.4,0.1089,25.8,22.1,1
2025-01-18,Tuscan Penne alla Vodka,Asian Wok & Noodle Bar,GRAINS_PASTA,North Academic Commons,Winter,DINNER,5,1498,535,563,5.2,0.105,19.7,14.0,1
2025-01-18,Tuscan Penne alla Vodka,Asian Wok & Noodle Bar,GRAINS_PASTA,North Academic Commons,Winter,DINNER,5,1416,510,558,9.4,0.0583,10.4,34.7,1
2025-01-19,Steamed Seasonal Market Vegetables,Chef's Daily Carvery Special,VEGETABLES,Central University Dining Hall,Winter,BANQUET,6,2304,831,919,10.6,0.209,60.8,27.4,1
2025-01-19,Steamed Saffron Basmati Rice Pilaf,Chef's Daily Carvery Special,GRAINS_PASTA,Executive Conference Pavilion,Winter,BANQUET,6,1690,589,657,11.5,0.1294,26.7,32.3,1
2025-01-19,Steamed Saffron Basmati Rice Pilaf,Chef's Daily Carvery Special,GRAINS_PASTA,Executive Conference Pavilion,Winter,BANQUET,6,2062,717,798,11.3,0.1904,47.8,28.8,1
2025-01-20,Roasted Mediterranean Ratatouille,Global Plant-Forward Fusion,VEGETABLES,North Academic Commons,Winter,LUNCH_DINNER_COMBO,0,1427,322,348,8.1,0.1234,13.9,6.1,1
2025-01-20,Artisan Four-Cheese Beef Lasagna,Global Plant-Forward Fusion,GRAINS_PASTA,St. Mary Healthcare Nutrition Center,Winter,LUNCH_DINNER_COMBO,0,1252,315,337,7.0,0.057,6.3,10.6,1
2025-01-20,Artisan Four-Cheese Beef Lasagna,Global Plant-Forward Fusion,GRAINS_PASTA,St. Mary Healthcare Nutrition Center,Winter,LUNCH_DINNER_COMBO,0,1256,321,341,6.2,0.0777,8.7,8.3,1
2025-01-21,Herb-Crusted Atlantic Salmon Fillet,Classic American Comfort,MEAT_SEAFOOD,Executive Conference Pavilion,Winter,BREAKFAST,1,1818,658,725,10.2,0.078,18.0,30.2,1
2025-01-21,Creamy Wild Mushroom Soup,Classic American Comfort,PREPARED_SOUP,Central University Dining Hall,Winter,BREAKFAST,1,1587,526,604,14.8,0.143,26.3,41.5,1
2025-01-21,Creamy Wild Mushroom Soup,Classic American Comfort,PREPARED_SOUP,Central University Dining Hall,Winter,BREAKFAST,1,1334,442,496,12.2,0.1772,27.4,33.7,1
2025-01-22,Garden Mixed Greens & Baby Spinach,Mediterranean Harvest,VEGETABLES,North Academic Commons,Winter,LUNCH,2,1370,474,501,5.7,0.2211,36.7,13.4,1
2025-01-22,Braised Prime Beef Short Ribs,Mediterranean Harvest,MEAT_SEAFOOD,St. Mary Healthcare Nutrition Center,Winter,LUNCH,2,2009,717,753,5.0,0.0552,13.8,6.7,1
2025-01-22,Garden Mixed Greens & Baby Spinach,Mediterranean Harvest,VEGETABLES,North Academic Commons,Winter,LUNCH,2,1870,634,701,10.6,0.2215,49.2,25.3,1
2025-01-23,Artisan Sourdough Rolls & Baguettes,Asian Wok & Noodle Bar,BAKERY,Executive Conference Pavilion,Winter,DINNER,3,1678,557,621,11.5,0.1553,30.3,28.7,1
2025-01-23,Lemon Rosemary Grilled Chicken Breast,Asian Wok & Noodle Bar,MEAT_SEAFOOD,Central University Dining Hall,Winter,DINNER,3,1954,717,751,4.7,0.1021,25.6,19.0,1
2025-01-23,Artisan Sourdough Rolls & Baguettes,Asian Wok & Noodle Bar,BAKERY,Executive Conference Pavilion,Winter,DINNER,3,1253,424,434,2.4,0.2012,29.9,1.9,0
2025-01-24,Greek Yogurt & Fresh Berry Parfait,Chef's Daily Carvery Special,DAIRY,St. Mary Healthcare Nutrition Center,Winter,BANQUET,4,1996,658,805,22.3,0.0691,15.9,79.1,1
2025-01-24,Tuscan Penne alla Vodka,Chef's Daily Carvery Special,GRAINS_PASTA,North Academic Commons,Winter,BANQUET,4,1730,595,742,24.7,0.1646,34.3,75.9,1
2025-01-24,Greek Yogurt & Fresh Berry Parfait,Chef's Daily Carvery Special,DAIRY,St. Mary Healthcare Nutrition Center,Winter,BANQUET,4,1472,531,604,13.7,0.0533,9.9,53.7,1
2025-01-25,Steamed Seasonal Market Vegetables,Global Plant-Forward Fusion,VEGETABLES,Central University Dining Hall,Winter,LUNCH_DINNER_COMBO,5,1689,452,506,11.9,0.1298,20.5,33.2,1
2025-01-25,Steamed Saffron Basmati Rice Pilaf,Global Plant-Forward Fusion,GRAINS_PASTA,Executive Conference Pavilion,Winter,LUNCH_DINNER_COMBO,5,2143,557,615,10.4,0.1006,19.6,16.9,1
2025-01-25,Steamed Seasonal Market Vegetables,Global Plant-Forward Fusion,VEGETABLES,Central University Dining Hall,Winter,LUNCH_DINNER_COMBO,5,1325,323,359,11.1,0.1493,16.9,18.5,1
2025-01-26,Artisan Four-Cheese Beef Lasagna,Classic American Comfort,GRAINS_PASTA,St. Mary Healthcare Nutrition Center,Winter,BREAKFAST,6,1490,480,534,11.2,0.0862,14.5,14.0,1
2025-01-26,Roasted Mediterranean Ratatouille,Classic American Comfort,VEGETABLES,North Academic Commons,Winter,BREAKFAST,6,1784,658,687,4.4,0.2162,49.8,13.4,1
2025-01-26,Roasted Mediterranean Ratatouille,Classic American Comfort,VEGETABLES,North Academic Commons,Winter,BREAKFAST,6,1494,545,605,11.0,0.1199,22.9,25.6,1
2025-01-27,Herb-Crusted Atlantic Salmon Fillet,Mediterranean Harvest,MEAT_SEAFOOD,Executive Conference Pavilion,Winter,LUNCH,0,1167,375,410,9.3,0.0985,12.9,8.3,1
2025-01-27,Creamy Wild Mushroom Soup,Mediterranean Harvest,PREPARED_SOUP,Central University Dining Hall,Winter,LUNCH,0,1436,498,510,2.4,0.0958,16.7,11.1,1
2025-01-27,Herb-Crusted Atlantic Salmon Fillet,Mediterranean Harvest,MEAT_SEAFOOD,Executive Conference Pavilion,Winter,LUNCH,0,1231,441,469,6.3,0.11,17.0,16.6,1
2025-01-28,Braised Prime Beef Short Ribs,Asian Wok & Noodle Bar,MEAT_SEAFOOD,St. Mary Healthcare Nutrition Center,Winter,DINNER,1,1896,667,742,11.2,0.0235,5.5,35.0,1
2025-01-28,Braised Prime Beef Short Ribs,Asian Wok & Noodle Bar,MEAT_SEAFOOD,St. Mary Healthcare Nutrition Center,Winter,DINNER,1,1591,552,600,8.7,0.0454,8.8,28.8,1
2025-01-28,Garden Mixed Greens & Baby Spinach,Asian Wok & Noodle Bar,VEGETABLES,North Academic Commons,Winter,DINNER,1,1691,600,633,5.5,0.204,42.8,10.6,1
2025-01-29,Lemon Rosemary Grilled Chicken Breast,Chef's Daily Carvery Special,MEAT_SEAFOOD,Central University Dining Hall,Winter,BANQUET,2,1814,644,736,14.3,0.1022,23.0,33.5,1
2025-01-29,Lemon Rosemary Grilled Chicken Breast,Chef's Daily Carvery Special,MEAT_SEAFOOD,Central University Dining Hall,Winter,BANQUET,2,1258,459,491,7.0,0.1131,18.2,7.9,1
2025-01-29,Artisan Sourdough Rolls & Baguettes,Chef's Daily Carvery Special,BAKERY,Executive Conference Pavilion,Winter,BANQUET,2,1913,653,751,15.0,0.1587,36.3,36.6,1
2025-01-30,Tuscan Penne alla Vodka,Global Plant-Forward Fusion,GRAINS_PASTA,North Academic Commons,Winter,LUNCH_DINNER_COMBO,3,1669,396,416,5.1,0.0619,8.6,17.6,1
2025-01-30,Tuscan Penne alla Vodka,Global Plant-Forward Fusion,GRAINS_PASTA,North Academic Commons,Winter,LUNCH_DINNER_COMBO,3,1929,460,486,5.7,0.1144,18.4,14.7,1
2025-01-30,Greek Yogurt & Fresh Berry Parfait,Global Plant-Forward Fusion,DAIRY,St. Mary Healthcare Nutrition Center,Winter,LUNCH_DINNER_COMBO,3,1557,384,394,2.6,0.0755,10.1,5.8,1
2025-01-31,Steamed Saffron Basmati Rice Pilaf,Classic American Comfort,GRAINS_PASTA,Executive Conference Pavilion,Winter,BREAKFAST,4,1573,559,725,29.7,0.1663,32.5,79.1,1
2025-01-31,Steamed Saffron Basmati Rice Pilaf,Classic American Comfort,GRAINS_PASTA,Executive Conference Pavilion,Winter,BREAKFAST,4,1583,556,624,12.2,0.1093,21.3,46.4,1
2025-01-31,Steamed Seasonal Market Vegetables,Classic American Comfort,VEGETABLES,Central University Dining Hall,Winter,BREAKFAST,4,1538,499,578,15.8,0.1089,19.0,49.2,1
2025-02-01,Artisan Four-Cheese Beef Lasagna,Mediterranean Harvest,GRAINS_PASTA,St. Mary Healthcare Nutrition Center,Winter,LUNCH,5,1485,459,505,10.0,0.0312,5.0,31.0,1
2025-02-01,Artisan Four-Cheese Beef Lasagna,Mediterranean Harvest,GRAINS_PASTA,St. Mary Healthcare Nutrition Center,Winter,LUNCH,5,1632,536,585,9.1,0.069,12.9,35.1,1
2025-02-01,Roasted Mediterranean Ratatouille,Mediterranean Harvest,VEGETABLES,North Academic Commons,Winter,LUNCH,5,1968,663,685,3.3,0.1172,27.2,26.3,1
2025-02-02,Creamy Wild Mushroom Soup,Asian Wok & Noodle Bar,PREPARED_SOUP,Central University Dining Hall,Winter,DINNER,6,1521,550,562,2.2,0.1163,22.4,4.3,0
2025-02-02,Herb-Crusted Atlantic Salmon Fillet,Asian Wok & Noodle Bar,MEAT_SEAFOOD,Executive Conference Pavilion,Winter,DINNER,6,1440,508,529,4.1,0.0686,12.2,9.7,1
2025-02-02,Creamy Wild Mushroom Soup,Asian Wok & Noodle Bar,PREPARED_SOUP,Central University Dining Hall,Winter,DINNER,6,1165,379,416,9.8,0.1167,15.5,8.8,1
2025-02-03,Braised Prime Beef Short Ribs,Chef's Daily Carvery Special,MEAT_SEAFOOD,St. Mary Healthcare Nutrition Center,Winter,BANQUET,0,1466,465,500,7.5,0.0555,9.0,16.4,1
2025-02-03,Garden Mixed Greens & Baby Spinach,Chef's Daily Carvery Special,VEGETABLES,North Academic Commons,Winter,BANQUET,0,1423,494,530,7.3,0.2356,40.7,11.2,1
2025-02-03,Garden Mixed Greens & Baby Spinach,Chef's Daily Carvery Special,VEGETABLES,North Academic Commons,Winter,BANQUET,0,1871,680,715,5.1,0.1697,40.4,13.2,1
2025-02-04,Artisan Sourdough Rolls & Baguettes,Global Plant-Forward Fusion,BAKERY,Executive Conference Pavilion,Winter,LUNCH_DINNER_COMBO,1,1660,424,466,9.9,0.1569,23.3,21.4,1
2025-02-04,Lemon Rosemary Grilled Chicken Breast,Global Plant-Forward Fusion,MEAT_SEAFOOD,Central University Dining Hall,Winter,LUNCH_DINNER_COMBO,1,1664,483,506,4.8,0.0472,8.0,5.7,1
2025-02-04,Artisan Sourdough Rolls & Baguettes,Global Plant-Forward Fusion,BAKERY,Executive Conference Pavilion,Winter,LUNCH_DINNER_COMBO,1,1394,333,370,11.1,0.1706,19.9,14.7,1
2025-02-05,Greek Yogurt & Fresh Berry Parfait,Classic American Comfort,DAIRY,St. Mary Healthcare Nutrition Center,Winter,BREAKFAST,2,1617,587,654,11.4,0.122,25.1,30.9,1
2025-02-05,Tuscan Penne alla Vodka,Classic American Comfort,GRAINS_PASTA,North Academic Commons,Winter,BREAKFAST,2,1591,509,575,13.0,0.0982,17.5,24.2,1
2025-02-05,Greek Yogurt & Fresh Berry Parfait,Classic American Comfort,DAIRY,St. Mary Healthcare Nutrition Center,Winter,BREAKFAST,2,1290,441,487,10.4,0.0591,9.1,21.4,1
2025-02-06,Steamed Seasonal Market Vegetables,Mediterranean Harvest,VEGETABLES,Central University Dining Hall,Winter,LUNCH,3,1780,635,703,10.7,0.1607,35.7,23.5,1
2025-02-06,Steamed Saffron Basmati Rice Pilaf,Mediterranean Harvest,GRAINS_PASTA,Executive Conference Pavilion,Winter,LUNCH,3,2208,764,823,7.7,0.1639,43.8,20.3,1
2025-02-06,Steamed Seasonal Market Vegetables,Mediterranean Harvest,VEGETABLES,Central University Dining Hall,Winter,LUNCH,3,1355,478,498,4.2,0.1928,32.2,17.2,1
2025-02-07,Roasted Mediterranean Ratatouille,Asian Wok & Noodle Bar,VEGETABLES,North Academic Commons,Winter,DINNER,4,1512,513,667,30.0,0.1459,26.2,82.0,1
2025-02-07,Roasted Mediterranean Ratatouille,Asian Wok & Noodle Bar,VEGETABLES,North Academic Commons,Winter,DINNER,4,1602,593,756,27.5,0.1696,35.2,81.2,1
2025-02-07,Artisan Four-Cheese Beef Lasagna,Asian Wok & Noodle Bar,GRAINS_PASTA,St. Mary Healthcare Nutrition Center,Winter,DINNER,4,1882,689,908,31.8,0.0741,17.9,103.4,1
2025-02-08,Creamy Wild Mushroom Soup,Chef's Daily Carvery Special,PREPARED_SOUP,Central University Dining Hall,Winter,BANQUET,5,1582,518,567,9.5,0.0203,3.7,44.7,1
2025-02-08,Herb-Crusted Atlantic Salmon Fillet,Chef's Daily Carvery Special,MEAT_SEAFOOD,Executive Conference Pavilion,Winter,BANQUET,5,1184,404,435,7.7,0.0801,11.3,17.8,1
2025-02-08,Herb-Crusted Atlantic Salmon Fillet,Chef's Daily Carvery Special,MEAT_SEAFOOD,Executive Conference Pavilion,Winter,BANQUET,5,1329,459,495,7.8,0.0788,12.7,23.8,1
2025-02-09,Garden Mixed Greens & Baby Spinach,Global Plant-Forward Fusion,VEGETABLES,North Academic Commons,Winter,LUNCH_DINNER_COMBO,6,1962,483,509,5.4,0.2116,35.8,3.8,0
2025-02-09,Braised Prime Beef Short Ribs,Global Plant-Forward Fusion,MEAT_SEAFOOD,St. Mary Healthcare Nutrition Center,Winter,LUNCH_DINNER_COMBO,6,1346,359,382,6.4,0.0478,6.0,11.9,1
2025-02-09,Braised Prime Beef Short Ribs,Global Plant-Forward Fusion,MEAT_SEAFOOD,St. Mary Healthcare Nutrition Center,Winter,LUNCH_DINNER_COMBO,6,1725,420,430,2.4,0.0624,9.2,9.6,1
2025-02-10,Lemon Rosemary Grilled Chicken Breast,Classic American Comfort,MEAT_SEAFOOD,Central University Dining Hall,Winter,BREAKFAST,0,1332,488,535,9.6,0.071,12.1,24.2,1
2025-02-10,Artisan Sourdough Rolls & Baguettes,Classic American Comfort,BAKERY,Executive Conference Pavilion,Winter,BREAKFAST,0,1514,522,582,11.5,0.1579,28.8,28.4,1
2025-02-10,Lemon Rosemary Grilled Chicken Breast,Classic American Comfort,MEAT_SEAFOOD,Central University Dining Hall,Winter,BREAKFAST,0,1622,540,592,9.6,0.1065,20.1,29.1,1
2025-02-11,Greek Yogurt & Fresh Berry Parfait,Mediterranean Harvest,DAIRY,St. Mary Healthcare Nutrition Center,Winter,LUNCH,1,2539,857,940,9.7,0.1098,32.9,23.6,1
2025-02-11,Tuscan Penne alla Vodka,Mediterranean Harvest,GRAINS_PASTA,North Academic Commons,Winter,LUNCH,1,2245,819,939,14.7,0.1349,38.7,53.7,1
2025-02-11,Tuscan Penne alla Vodka,Mediterranean Harvest,GRAINS_PASTA,North Academic Commons,Winter,LUNCH,1,1581,528,576,9.1,0.0981,18.1,14.3,1
2025-02-12,Steamed Seasonal Market Vegetables,Asian Wok & Noodle Bar,VEGETABLES,Central University Dining Hall,Winter,DINNER,2,1675,558,587,5.2,0.1327,25.9,16.9,1
2025-02-12,Steamed Saffron Basmati Rice Pilaf,Asian Wok & Noodle Bar,GRAINS_PASTA,Executive Conference Pavilion,Winter,DINNER,2,1368,500,541,8.2,0.1068,18.7,8.2,1
2025-02-12,Steamed Saffron Basmati Rice Pilaf,Asian Wok & Noodle Bar,GRAINS_PASTA,Executive Conference Pavilion,Winter,DINNER,2,1537,554,603,8.8,0.0863,16.7,19.9,1
2025-02-13,Roasted Mediterranean Ratatouille,Chef's Daily Carvery Special,VEGETABLES,North Academic Commons,Winter,BANQUET,3,1449,516,576,11.6,0.1343,24.3,28.1,1
2025-02-13,Artisan Four-Cheese Beef Lasagna,Chef's Daily Carvery Special,GRAINS_PASTA,St. Mary Healthcare Nutrition Center,Winter,BANQUET,3,1488,528,576,9.1,0.0216,4.0,26.1,1
2025-02-13,Artisan Four-Cheese Beef Lasagna,Chef's Daily Carvery Special,GRAINS_PASTA,St. Mary Healthcare Nutrition Center,Winter,BANQUET,3,1877,667,713,6.9,0.0808,18.9,17.5,1
2025-02-14,Herb-Crusted Atlantic Salmon Fillet,Global Plant-Forward Fusion,MEAT_SEAFOOD,Executive Conference Pavilion,Winter,LUNCH_DINNER_COMBO,4,2026,493,582,18.1,0.0835,14.4,55.2,1
2025-02-14,Creamy Wild Mushroom Soup,Global Plant-Forward Fusion,PREPARED_SOUP,Central University Dining Hall,Winter,LUNCH_DINNER_COMBO,4,2342,611,729,19.3,0.0981,21.0,88.9,1
2025-02-14,Creamy Wild Mushroom Soup,Global Plant-Forward Fusion,PREPARED_SOUP,Central University Dining Hall,Winter,LUNCH_DINNER_COMBO,4,1389,331,385,16.3,0.1075,12.5,47.5,1
2025-02-15,Garden Mixed Greens & Baby Spinach,Classic American Comfort,VEGETABLES,North Academic Commons,Winter,BREAKFAST,5,1868,670,687,2.5,0.1759,41.2,19.4,1
2025-02-15,Garden Mixed Greens & Baby Spinach,Classic American Comfort,VEGETABLES,North Academic Commons,Winter,BREAKFAST,5,2255,788,841,6.7,0.152,41.9,36.9,1
2025-02-15,Braised Prime Beef Short Ribs,Classic American Comfort,MEAT_SEAFOOD,St. Mary Healthcare Nutrition Center,Winter,BREAKFAST,5,1763,630,656,4.1,0.0307,6.8,22.4,1
2025-02-16,Artisan Sourdough Rolls & Baguettes,Mediterranean Harvest,BAKERY,Executive Conference Pavilion,Winter,LUNCH,6,1445,508,539,6.1,0.1901,33.8,6.9,1
2025-02-16,Lemon Rosemary Grilled Chicken Breast,Mediterranean Harvest,MEAT_SEAFOOD,Central University Dining Hall,Winter,LUNCH,6,1306,434,443,2.1,0.0989,15.0,5.8,1
2025-02-16,Artisan Sourdough Rolls & Baguettes,Mediterranean Harvest,BAKERY,Executive Conference Pavilion,Winter,LUNCH,6,2171,724,784,8.3,0.1461,37.0,26.3,1
2025-02-17,Greek Yogurt & Fresh Berry Parfait,Asian Wok & Noodle Bar,DAIRY,St. Mary Healthcare Nutrition Center,Winter,DINNER,0,1980,689,712,3.3,0.0642,15.5,13.0,1
2025-02-17,Tuscan Penne alla Vodka,Asian Wok & Noodle Bar,GRAINS_PASTA,North Academic Commons,Winter,DINNER,0,1841,640,675,5.5,0.0745,16.7,14.6,1
2025-02-17,Greek Yogurt & Fresh Berry Parfait,Asian Wok & Noodle Bar,DAIRY,St. Mary Healthcare Nutrition Center,Winter,DINNER,0,2421,857,888,3.6,0.1173,35.2,14.0,1
2025-02-18,Steamed Saffron Basmati Rice Pilaf,Chef's Daily Carvery Special,GRAINS_PASTA,Executive Conference Pavilion,Winter,BANQUET,1,1272,428,453,5.8,0.1279,19.2,8.6,1
2025-02-18,Steamed Seasonal Market Vegetables,Chef's Daily Carvery Special,VEGETABLES,Central University Dining Hall,Winter,BANQUET,1,1624,558,638,14.3,0.1031,20.1,22.3,1
2025-02-18,Steamed Seasonal Market Vegetables,Chef's Daily Carvery Special,VEGETABLES,Central University Dining Hall,Winter,BANQUET,1,1981,674,734,8.9,0.1887,44.5,27.0,1
2025-02-19,Roasted Mediterranean Ratatouille,Global Plant-Forward Fusion,VEGETABLES,North Academic Commons,Winter,LUNCH_DINNER_COMBO,2,2338,601,647,7.7,0.1421,29.9,16.5,1
2025-02-19,Artisan Four-Cheese Beef Lasagna,Global Plant-Forward Fusion,GRAINS_PASTA,St. Mary Healthcare Nutrition Center,Winter,LUNCH_DINNER_COMBO,2,1527,380,411,8.2,0.0336,4.5,16.7,1
2025-02-19,Roasted Mediterranean Ratatouille,Global Plant-Forward Fusion,VEGETABLES,North Academic Commons,Winter,LUNCH_DINNER_COMBO,2,1889,474,532,12.2,0.1224,20.3,23.1,1
2025-02-20,Herb-Crusted Atlantic Salmon Fillet,Classic American Comfort,MEAT_SEAFOOD,Executive Conference Pavilion,Winter,BREAKFAST,3,1540,579,616,6.4,0.0986,20.0,27.3,1
2025-02-20,Herb-Crusted Atlantic Salmon Fillet,Classic American Comfort,MEAT_SEAFOOD,Executive Conference Pavilion,Winter,BREAKFAST,3,1527,522,577,10.5,0.0613,11.2,23.9,1
2025-02-20,Creamy Wild Mushroom Soup,Classic American Comfort,PREPARED_SOUP,Central University Dining Hall,Winter,BREAKFAST,3,1465,522,534,2.3,0.102,18.6,18.9,1
2025-02-21,Braised Prime Beef Short Ribs,Mediterranean Harvest,MEAT_SEAFOOD,St. Mary Healthcare Nutrition Center,Winter,LUNCH,4,1962,687,816,18.8,0.0779,18.7,72.2,1
2025-02-21,Braised Prime Beef Short Ribs,Mediterranean Harvest,MEAT_SEAFOOD,St. Mary Healthcare Nutrition Center,Winter,LUNCH,4,2108,746,952,27.6,0.0774,20.2,102.7,1
2025-02-21,Garden Mixed Greens & Baby Spinach,Mediterranean Harvest,VEGETABLES,North Academic Commons,Winter,LUNCH,4,1677,587,710,21.0,0.2066,42.4,77.9,1
2025-02-22,Artisan Sourdough Rolls & Baguettes,Asian Wok & Noodle Bar,BAKERY,Executive Conference Pavilion,Winter,DINNER,5,1499,531,543,2.3,0.1034,19.2,19.5,1
2025-02-22,Lemon Rosemary Grilled Chicken Breast,Asian Wok & Noodle Bar,MEAT_SEAFOOD,Central University Dining Hall,Winter,DINNER,5,1350,462,510,10.4,0.1322,21.4,31.6,1
2025-02-22,Lemon Rosemary Grilled Chicken Breast,Asian Wok & Noodle Bar,MEAT_SEAFOOD,Central University Dining Hall,Winter,DINNER,5,1861,666,745,11.9,0.0364,8.5,47.5,1
2025-02-23,Greek Yogurt & Fresh Berry Parfait,Chef's Daily Carvery Special,DAIRY,St. Mary Healthcare Nutrition Center,Winter,BANQUET,6,1287,430,455,5.8,0.0736,11.1,14.6,1
2025-02-23,Tuscan Penne alla Vodka,Chef's Daily Carvery Special,GRAINS_PASTA,North Academic Commons,Winter,BANQUET,6,2006,740,811,9.6,0.0968,25.1,21.5,1
2025-02-23,Tuscan Penne alla Vodka,Chef's Daily Carvery Special,GRAINS_PASTA,North Academic Commons,Winter,BANQUET,6,1552,527,559,6.1,0.1143,21.1,26.2,1
2025-02-24,Steamed Seasonal Market Vegetables,Global Plant-Forward Fusion,VEGETABLES,Central University Dining Hall,Winter,LUNCH_DINNER_COMBO,0,1412,361,396,9.7,0.1826,23.1,19.8,1
2025-02-24,Steamed Saffron Basmati Rice Pilaf,Global Plant-Forward Fusion,GRAINS_PASTA,Executive Conference Pavilion,Winter,LUNCH_DINNER_COMBO,0,1846,474,520,9.7,0.1521,25.2,18.0,1
2025-02-24,Steamed Saffron Basmati Rice Pilaf,Global Plant-Forward Fusion,GRAINS_PASTA,Executive Conference Pavilion,Winter,LUNCH_DINNER_COMBO,0,1838,451,478,6.0,0.1219,19.2,17.0,1
2025-02-25,Artisan Four-Cheese Beef Lasagna,Classic American Comfort,GRAINS_PASTA,St. Mary Healthcare Nutrition Center,Winter,BREAKFAST,1,1972,645,690,7.0,0.0566,12.8,14.1,1
2025-02-25,Roasted Mediterranean Ratatouille,Classic American Comfort,VEGETABLES,North Academic Commons,Winter,BREAKFAST,1,1639,557,575,3.2,0.135,26.3,10.5,1
2025-02-25,Artisan Four-Cheese Beef Lasagna,Classic American Comfort,GRAINS_PASTA,St. Mary Healthcare Nutrition Center,Winter,BREAKFAST,1,1701,579,629,8.6,0.02,4.1,20.6,1
2025-02-26,Herb-Crusted Atlantic Salmon Fillet,Mediterranean Harvest,MEAT_SEAFOOD,Executive Conference Pavilion,Winter,LUNCH,2,1348,490,525,7.1,0.0952,16.3,14.3,1
2025-02-26,Creamy Wild Mushroom Soup,Mediterranean Harvest,PREPARED_SOUP,Central University Dining Hall,Winter,LUNCH,2,1818,652,679,4.1,0.099,22.6,13.9,1
2025-02-26,Creamy Wild Mushroom Soup,Mediterranean Harvest,PREPARED_SOUP,Central University Dining Hall,Winter,LUNCH,2,1647,594,659,10.9,0.1124,23.4,26.3,1
2025-02-27,Garden Mixed Greens & Baby Spinach,Asian Wok & Noodle Bar,VEGETABLES,North Academic Commons,Winter,DINNER,3,2219,768,792,3.1,0.2041,54.9,10.2,1
2025-02-27,Garden Mixed Greens & Baby Spinach,Asian Wok & Noodle Bar,VEGETABLES,North Academic Commons,Winter,DINNER,3,1638,584,640,9.6,0.1675,34.2,26.0,1
2025-02-27,Braised Prime Beef Short Ribs,Asian Wok & Noodle Bar,MEAT_SEAFOOD,St. Mary Healthcare Nutrition Center,Winter,DINNER,3,1088,351,388,10.5,0.0944,11.6,19.7,1
2025-02-28,Artisan Sourdough Rolls & Baguettes,Chef's Daily Carvery Special,BAKERY,Executive Conference Pavilion,Winter,BANQUET,4,1312,465,520,11.8,0.137,22.3,38.4,1
2025-02-28,Artisan Sourdough Rolls & Baguettes,Chef's Daily Carvery Special,BAKERY,Executive Conference Pavilion,Winter,BANQUET,4,1338,451,521,15.5,0.1314,20.7,38.7,1
2025-02-28,Lemon Rosemary Grilled Chicken Breast,Chef's Daily Carvery Special,MEAT_SEAFOOD,Central University Dining Hall,Winter,BANQUET,4,1906,703,926,31.7,0.0574,14.1,109.0,1
2025-03-01,Greek Yogurt & Fresh Berry Parfait,Global Plant-Forward Fusion,DAIRY,St. Mary Healthcare Nutrition Center,Spring,LUNCH_DINNER_COMBO,5,1905,505,563,11.5,0.0757,13.4,34.9,1
2025-03-01,Greek Yogurt & Fresh Berry Parfait,Global Plant-Forward Fusion,DAIRY,St. Mary Healthcare Nutrition Center,Spring,LUNCH_DINNER_COMBO,5,1113,268,275,2.6,0.1063,10.0,2.3,0
2025-03-01,Tuscan Penne alla Vodka,Global Plant-Forward Fusion,GRAINS_PASTA,North Academic Commons,Spring,LUNCH_DINNER_COMBO,5,1320,309,341,10.4,0.0725,7.8,15.1,1
2025-03-02,Steamed Seasonal Market Vegetables,Classic American Comfort,VEGETABLES,Central University Dining Hall,Spring,BREAKFAST,6,1708,634,674,6.3,0.1509,33.5,16.1,1
2025-03-02,Steamed Seasonal Market Vegetables,Classic American Comfort,VEGETABLES,Central University Dining Hall,Spring,BREAKFAST,6,2060,726,810,11.6,0.1738,44.2,24.9,1
2025-03-02,Steamed Saffron Basmati Rice Pilaf,Classic American Comfort,GRAINS_PASTA,Executive Conference Pavilion,Spring,BREAKFAST,6,1713,570,590,3.5,0.1283,25.6,6.0,1
2025-03-03,Roasted Mediterranean Ratatouille,Mediterranean Harvest,VEGETABLES,North Academic Commons,Spring,LUNCH,0,1597,558,578,3.6,0.1436,28.0,17.1,1
2025-03-03,Artisan Four-Cheese Beef Lasagna,Mediterranean Harvest,GRAINS_PASTA,St. Mary Healthcare Nutrition Center,Spring,LUNCH,0,1603,612,670,9.5,0.0588,12.6,22.3,1
2025-03-03,Roasted Mediterranean Ratatouille,Mediterranean Harvest,VEGETABLES,North Academic Commons,Spring,LUNCH,0,1583,585,631,7.9,0.1631,33.4,19.7,1
2025-03-04,Creamy Wild Mushroom Soup,Asian Wok & Noodle Bar,PREPARED_SOUP,Central University Dining Hall,Spring,DINNER,1,1267,487,525,7.8,0.1119,19.1,14.3,1
2025-03-04,Herb-Crusted Atlantic Salmon Fillet,Asian Wok & Noodle Bar,MEAT_SEAFOOD,Executive Conference Pavilion,Spring,DINNER,1,2191,808,875,8.3,0.0647,18.3,25.4,1
2025-03-04,Herb-Crusted Atlantic Salmon Fillet,Asian Wok & Noodle Bar,MEAT_SEAFOOD,Executive Conference Pavilion,Spring,DINNER,1,1841,634,670,5.7,0.0821,18.2,11.4,1
2025-03-05,Garden Mixed Greens & Baby Spinach,Chef's Daily Carvery Special,VEGETABLES,North Academic Commons,Spring,BANQUET,2,1923,660,707,7.1,0.1652,38.2,13.1,1
2025-03-05,Braised Prime Beef Short Ribs,Chef's Daily Carvery Special,MEAT_SEAFOOD,St. Mary Healthcare Nutrition Center,Spring,BANQUET,2,789,304,328,7.9,0.0795,8.5,14.9,1
2025-03-05,Braised Prime Beef Short Ribs,Chef's Daily Carvery Special,MEAT_SEAFOOD,St. Mary Healthcare Nutrition Center,Spring,BANQUET,2,1619,623,694,11.4,0.0722,15.7,15.7,1
2025-03-06,Lemon Rosemary Grilled Chicken Breast,Global Plant-Forward Fusion,MEAT_SEAFOOD,Central University Dining Hall,Spring,LUNCH_DINNER_COMBO,3,1539,400,437,9.2,0.1216,17.0,15.6,1
2025-03-06,Artisan Sourdough Rolls & Baguettes,Global Plant-Forward Fusion,BAKERY,Executive Conference Pavilion,Spring,LUNCH_DINNER_COMBO,3,1723,416,446,7.2,0.1481,21.6,22.4,1
2025-03-06,Lemon Rosemary Grilled Chicken Breast,Global Plant-Forward Fusion,MEAT_SEAFOOD,Central University Dining Hall,Spring,LUNCH_DINNER_COMBO,3,1905,480,492,2.5,0.0867,14.6,0.5,0
2025-03-07,Tuscan Penne alla Vodka,Classic American Comfort,GRAINS_PASTA,North Academic Commons,Spring,BREAKFAST,4,1617,519,585,12.7,0.02,3.6,48.6,1
2025-03-07,Tuscan Penne alla Vodka,Classic American Comfort,GRAINS_PASTA,North Academic Commons,Spring,BREAKFAST,4,1874,651,767,17.8,0.0693,15.8,70.3,1
2025-03-07,Greek Yogurt & Fresh Berry Parfait,Classic American Comfort,DAIRY,St. Mary Healthcare Nutrition Center,Spring,BREAKFAST,4,1031,330,371,12.4,0.0828,9.6,23.8,1
2025-03-08,Steamed Seasonal Market Vegetables,Mediterranean Harvest,VEGETABLES,Central University Dining Hall,Spring,LUNCH,5,2042,693,753,8.7,0.2173,52.7,33.0,1
2025-03-08,Steamed Saffron Basmati Rice Pilaf,Mediterranean Harvest,GRAINS_PASTA,Executive Conference Pavilion,Spring,LUNCH,5,1611,581,632,8.8,0.1166,23.7,29.2,1
2025-03-08,Steamed Saffron Basmati Rice Pilaf,Mediterranean Harvest,GRAINS_PASTA,Executive Conference Pavilion,Spring,LUNCH,5,1719,648,681,5.1,0.1471,33.4,23.6,1
2025-03-09,Artisan Four-Cheese Beef Lasagna,Asian Wok & Noodle Bar,GRAINS_PASTA,St. Mary Healthcare Nutrition Center,Spring,DINNER,6,1632,540,561,3.9,0.0697,13.2,12.7,1
2025-03-09,Roasted Mediterranean Ratatouille,Asian Wok & Noodle Bar,VEGETABLES,North Academic Commons,Spring,DINNER,6,1900,676,697,3.1,0.1552,36.7,19.5,1
2025-03-09,Artisan Four-Cheese Beef Lasagna,Asian Wok & Noodle Bar,GRAINS_PASTA,St. Mary Healthcare Nutrition Center,Spring,DINNER,6,2116,758,839,10.7,0.066,17.5,24.7,1
2025-03-10,Creamy Wild Mushroom Soup,Chef's Daily Carvery Special,PREPARED_SOUP,Central University Dining Hall,Spring,BANQUET,0,1366,482,516,7.1,0.1289,21.7,26.2,1
2025-03-10,Herb-Crusted Atlantic Salmon Fillet,Chef's Daily Carvery Special,MEAT_SEAFOOD,Executive Conference Pavilion,Spring,BANQUET,0,2130,760,778,2.4,0.0927,24.7,0.0,0
2025-03-10,Creamy Wild Mushroom Soup,Chef's Daily Carvery Special,PREPARED_SOUP,Central University Dining Hall,Spring,BANQUET,0,1000,383,428,11.7,0.1283,17.2,16.7,1
2025-03-11,Garden Mixed Greens & Baby Spinach,Global Plant-Forward Fusion,VEGETABLES,North Academic Commons,Spring,LUNCH_DINNER_COMBO,1,2312,557,625,12.2,0.2165,42.2,25.2,1
2025-03-11,Garden Mixed Greens & Baby Spinach,Global Plant-Forward Fusion,VEGETABLES,North Academic Commons,Spring,LUNCH_DINNER_COMBO,1,1284,318,361,13.5,0.1783,19.8,16.1,1
2025-03-11,Braised Prime Beef Short Ribs,Global Plant-Forward Fusion,MEAT_SEAFOOD,St. Mary Healthcare Nutrition Center,Spring,LUNCH_DINNER_COMBO,1,1803,449,481,7.1,0.0735,11.6,17.6,1
2025-03-12,Artisan Sourdough Rolls & Baguettes,Classic American Comfort,BAKERY,Executive Conference Pavilion,Spring,BREAKFAST,2,1442,520,564,8.5,0.1089,19.8,16.3,1
2025-03-12,Lemon Rosemary Grilled Chicken Breast,Classic American Comfort,MEAT_SEAFOOD,Central University Dining Hall,Spring,BREAKFAST,2,1794,594,630,6.1,0.034,7.1,11.1,1
2025-03-12,Artisan Sourdough Rolls & Baguettes,Classic American Comfort,BAKERY,Executive Conference Pavilion,Spring,BREAKFAST,2,2015,743,793,6.7,0.1567,40.8,18.2,1
2025-03-13,Greek Yogurt & Fresh Berry Parfait,Mediterranean Harvest,DAIRY,St. Mary Healthcare Nutrition Center,Spring,LUNCH,3,2139,727,790,8.7,0.0809,20.6,17.7,1
2025-03-13,Greek Yogurt & Fresh Berry Parfait,Mediterranean Harvest,DAIRY,St. Mary Healthcare Nutrition Center,Spring,LUNCH,3,1290,480,492,2.5,0.0996,16.7,4.8,1
2025-03-13,Tuscan Penne alla Vodka,Mediterranean Harvest,GRAINS_PASTA,North Academic Commons,Spring,LUNCH,3,1751,558,589,5.6,0.1001,19.6,17.6,1
2025-03-14,Steamed Seasonal Market Vegetables,Asian Wok & Noodle Bar,VEGETABLES,Central University Dining Hall,Spring,DINNER,4,2012,705,861,22.1,0.1908,47.1,79.7,1
2025-03-14,Steamed Seasonal Market Vegetables,Asian Wok & Noodle Bar,VEGETABLES,Central University Dining Hall,Spring,DINNER,4,1639,585,677,15.7,0.1746,35.7,59.2,1
2025-03-14,Steamed Saffron Basmati Rice Pilaf,Asian Wok & Noodle Bar,GRAINS_PASTA,Executive Conference Pavilion,Spring,DINNER,4,1068,302,388,28.5,0.1133,12.0,47.9,1
2025-03-15,Artisan Four-Cheese Beef Lasagna,Chef's Daily Carvery Special,GRAINS_PASTA,St. Mary Healthcare Nutrition Center,Spring,BANQUET,5,1761,596,626,5.0,0.02,4.2,24.5,1
2025-03-15,Roasted Mediterranean Ratatouille,Chef's Daily Carvery Special,VEGETABLES,North Academic Commons,Spring,BANQUET,5,1383,479,498,4.0,0.1631,27.3,14.1,1
2025-03-15,Roasted Mediterranean Ratatouille,Chef's Daily Carvery Special,VEGETABLES,North Academic Commons,Spring,BANQUET,5,1505,563,586,4.1,0.1663,32.8,14.8,1
2025-03-16,Herb-Crusted Atlantic Salmon Fillet,Global Plant-Forward Fusion,MEAT_SEAFOOD,Executive Conference Pavilion,Spring,LUNCH_DINNER_COMBO,6,1830,501,556,11.0,0.0828,14.5,25.6,1
2025-03-16,Herb-Crusted Atlantic Salmon Fillet,Global Plant-Forward Fusion,MEAT_SEAFOOD,Executive Conference Pavilion,Spring,LUNCH_DINNER_COMBO,6,1185,245,272,11.0,0.086,7.4,20.2,1
2025-03-16,Creamy Wild Mushroom Soup,Global Plant-Forward Fusion,PREPARED_SOUP,Central University Dining Hall,Spring,LUNCH_DINNER_COMBO,6,1421,356,380,6.7,0.0856,10.7,14.6,1
2025-03-17,Braised Prime Beef Short Ribs,Classic American Comfort,MEAT_SEAFOOD,St. Mary Healthcare Nutrition Center,Spring,BREAKFAST,0,1939,659,691,4.9,0.059,13.6,12.6,1
2025-03-17,Braised Prime Beef Short Ribs,Classic American Comfort,MEAT_SEAFOOD,St. Mary Healthcare Nutrition Center,Spring,BREAKFAST,0,2067,747,833,11.5,0.0699,18.3,40.6,1
2025-03-17,Garden Mixed Greens & Baby Spinach,Classic American Comfort,VEGETABLES,North Academic Commons,Spring,BREAKFAST,0,1618,609,625,2.6,0.195,41.6,13.5,1
2025-03-18,Lemon Rosemary Grilled Chicken Breast,Mediterranean Harvest,MEAT_SEAFOOD,Central University Dining Hall,Spring,LUNCH,1,1487,475,528,11.2,0.0885,14.7,27.0,1
2025-03-18,Lemon Rosemary Grilled Chicken Breast,Mediterranean Harvest,MEAT_SEAFOOD,Central University Dining Hall,Spring,LUNCH,1,1734,606,660,8.9,0.1237,26.2,28.0,1
2025-03-18,Artisan Sourdough Rolls & Baguettes,Mediterranean Harvest,BAKERY,Executive Conference Pavilion,Spring,LUNCH,1,1813,638,708,11.0,0.1435,32.0,27.1,1
2025-03-19,Tuscan Penne alla Vodka,Asian Wok & Noodle Bar,GRAINS_PASTA,North Academic Commons,Spring,DINNER,2,1573,523,560,7.1,0.1246,22.8,16.8,1
2025-03-19,Greek Yogurt & Fresh Berry Parfait,Asian Wok & Noodle Bar,DAIRY,St. Mary Healthcare Nutrition Center,Spring,DINNER,2,2000,710,783,10.3,0.1028,25.6,33.7,1
2025-03-19,Tuscan Penne alla Vodka,Asian Wok & Noodle Bar,GRAINS_PASTA,North Academic Commons,Spring,DINNER,2,1739,645,674,4.5,0.1433,32.4,18.3,1
2025-03-20,Steamed Saffron Basmati Rice Pilaf,Chef's Daily Carvery Special,GRAINS_PASTA,Executive Conference Pavilion,Spring,BANQUET,3,1652,585,641,9.6,0.1211,24.8,30.4,1
2025-03-20,Steamed Saffron Basmati Rice Pilaf,Chef's Daily Carvery Special,GRAINS_PASTA,Executive Conference Pavilion,Spring,BANQUET,3,1254,451,469,4.0,0.1055,16.7,9.8,1
2025-03-20,Steamed Seasonal Market Vegetables,Chef's Daily Carvery Special,VEGETABLES,Central University Dining Hall,Spring,BANQUET,3,1499,505,536,6.1,0.1947,34.4,6.8,1
2025-03-21,Roasted Mediterranean Ratatouille,Global Plant-Forward Fusion,VEGETABLES,North Academic Commons,Spring,LUNCH_DINNER_COMBO,4,1362,331,424,28.1,0.1295,15.0,44.5,1
2025-03-21,Artisan Four-Cheese Beef Lasagna,Global Plant-Forward Fusion,GRAINS_PASTA,St. Mary Healthcare Nutrition Center,Spring,LUNCH_DINNER_COMBO,4,1532,384,481,25.3,0.02,2.7,52.1,1
2025-03-21,Artisan Four-Cheese Beef Lasagna,Global Plant-Forward Fusion,GRAINS_PASTA,St. Mary Healthcare Nutrition Center,Spring,LUNCH_DINNER_COMBO,4,1803,442,566,28.1,0.0863,13.3,74.9,1
2025-03-22,Creamy Wild Mushroom Soup,Classic American Comfort,PREPARED_SOUP,Central University Dining Hall,Spring,BREAKFAST,5,1866,609,666,9.4,0.1732,36.9,51.3,1
2025-03-22,Herb-Crusted Atlantic Salmon Fillet,Classic American Comfort,MEAT_SEAFOOD,Executive Conference Pavilion,Spring,BREAKFAST,5,1069,382,409,7.1,0.0906,12.1,21.5,1
2025-03-22,Creamy Wild Mushroom Soup,Classic American Comfort,PREPARED_SOUP,Central University Dining Hall,Spring,BREAKFAST,5,1560,540,594,10.0,0.0979,18.5,34.9,1
2025-03-23,Garden Mixed Greens & Baby Spinach,Mediterranean Harvest,VEGETABLES,North Academic Commons,Spring,LUNCH,6,1170,468,495,5.8,0.1707,28.0,3.5,0
2025-03-23,Garden Mixed Greens & Baby Spinach,Mediterranean Harvest,VEGETABLES,North Academic Commons,Spring,LUNCH,6,1954,641,669,4.4,0.1711,38.4,8.3,1
2025-03-23,Braised Prime Beef Short Ribs,Mediterranean Harvest,MEAT_SEAFOOD,St. Mary Healthcare Nutrition Center,Spring,LUNCH,6,2100,771,827,7.3,0.0432,11.6,28.7,1
2025-03-24,Lemon Rosemary Grilled Chicken Breast,Asian Wok & Noodle Bar,MEAT_SEAFOOD,Central University Dining Hall,Spring,DINNER,0,1871,668,691,3.4,0.0946,22.1,5.5,1
2025-03-24,Artisan Sourdough Rolls & Baguettes,Asian Wok & Noodle Bar,BAKERY,Executive Conference Pavilion,Spring,DINNER,0,1801,638,683,7.1,0.1208,27.0,20.1,1
2025-03-24,Artisan Sourdough Rolls & Baguettes,Asian Wok & Noodle Bar,BAKERY,Executive Conference Pavilion,Spring,DINNER,0,2082,711,732,3.0,0.1575,39.2,10.7,1
2025-03-25,Tuscan Penne alla Vodka,Chef's Daily Carvery Special,GRAINS_PASTA,North Academic Commons,Spring,BANQUET,1,2007,720,763,6.0,0.1036,26.1,20.3,1
2025-03-25,Greek Yogurt & Fresh Berry Parfait,Chef's Daily Carvery Special,DAIRY,St. Mary Healthcare Nutrition Center,Spring,BANQUET,1,740,238,256,7.6,0.0629,5.2,9.3,1
2025-03-25,Greek Yogurt & Fresh Berry Parfait,Chef's Daily Carvery Special,DAIRY,St. Mary Healthcare Nutrition Center,Spring,BANQUET,1,1830,600,647,7.8,0.0903,19.0,16.5,1
2025-03-26,Steamed Seasonal Market Vegetables,Global Plant-Forward Fusion,VEGETABLES,Central University Dining Hall,Spring,LUNCH_DINNER_COMBO,2,2190,569,640,12.5,0.1338,26.6,29.4,1
2025-03-26,Steamed Seasonal Market Vegetables,Global Plant-Forward Fusion,VEGETABLES,Central University Dining Hall,Spring,LUNCH_DINNER_COMBO,2,994,281,306,8.9,0.1954,19.2,1.5,0
2025-03-26,Steamed Saffron Basmati Rice Pilaf,Global Plant-Forward Fusion,GRAINS_PASTA,Executive Conference Pavilion,Spring,LUNCH_DINNER_COMBO,2,917,232,255,9.9,0.1232,10.0,11.1,1
2025-03-27,Roasted Mediterranean Ratatouille,Classic American Comfort,VEGETABLES,North Academic Commons,Spring,BREAKFAST,3,450,168,180,7.1,0.126,7.4,2.6,0
2025-03-27,Artisan Four-Cheese Beef Lasagna,Classic American Comfort,GRAINS_PASTA,St. Mary Healthcare Nutrition Center,Spring,BREAKFAST,3,1357,507,558,10.1,0.0346,6.1,21.2,1
2025-03-27,Roasted Mediterranean Ratatouille,Classic American Comfort,VEGETABLES,North Academic Commons,Spring,BREAKFAST,3,1955,673,695,3.3,0.1875,44.2,14.0,1
2025-03-28,Herb-Crusted Atlantic Salmon Fillet,Mediterranean Harvest,MEAT_SEAFOOD,Executive Conference Pavilion,Spring,LUNCH,4,1267,434,527,21.4,0.0627,9.5,50.7,1
2025-03-28,Creamy Wild Mushroom Soup,Mediterranean Harvest,PREPARED_SOUP,Central University Dining Hall,Spring,LUNCH,4,1352,494,651,31.8,0.1222,21.1,94.3,1
2025-03-28,Herb-Crusted Atlantic Salmon Fillet,Mediterranean Harvest,MEAT_SEAFOOD,Executive Conference Pavilion,Spring,LUNCH,4,1924,721,850,17.9,0.0808,20.4,72.8,1
2025-03-29,Braised Prime Beef Short Ribs,Asian Wok & Noodle Bar,MEAT_SEAFOOD,St. Mary Healthcare Nutrition Center,Spring,DINNER,5,1516,519,538,3.7,0.0412,7.5,21.4,1
2025-03-29,Braised Prime Beef Short Ribs,Asian Wok & Noodle Bar,MEAT_SEAFOOD,St. Mary Healthcare Nutrition Center,Spring,DINNER,5,1119,386,400,3.6,0.1027,13.9,12.0,1
2025-03-29,Garden Mixed Greens & Baby Spinach,Asian Wok & Noodle Bar,VEGETABLES,North Academic Commons,Spring,DINNER,5,1980,704,734,4.3,0.1454,35.8,23.4,1
2025-03-30,Artisan Sourdough Rolls & Baguettes,Chef's Daily Carvery Special,BAKERY,Executive Conference Pavilion,Spring,BANQUET,6,1193,410,425,3.7,0.1949,28.0,8.9,1
2025-03-30,Lemon Rosemary Grilled Chicken Breast,Chef's Daily Carvery Special,MEAT_SEAFOOD,Central University Dining Hall,Spring,BANQUET,6,1716,574,618,7.7,0.0986,19.8,16.6,1
2025-03-30,Lemon Rosemary Grilled Chicken Breast,Chef's Daily Carvery Special,MEAT_SEAFOOD,Central University Dining Hall,Spring,BANQUET,6,1616,544,577,6.1,0.1017,19.4,15.0,1
2025-03-31,Greek Yogurt & Fresh Berry Parfait,Global Plant-Forward Fusion,DAIRY,St. Mary Healthcare Nutrition Center,Spring,LUNCH_DINNER_COMBO,0,1521,351,366,4.3,0.1003,12.3,4.4,1
2025-03-31,Tuscan Penne alla Vodka,Global Plant-Forward Fusion,GRAINS_PASTA,North Academic Commons,Spring,LUNCH_DINNER_COMBO,0,1468,382,427,11.8,0.1006,13.4,18.3,1
2025-03-31,Tuscan Penne alla Vodka,Global Plant-Forward Fusion,GRAINS_PASTA,North Academic Commons,Spring,LUNCH_DINNER_COMBO,0,1695,405,440,8.6,0.094,13.3,14.3,1
2025-04-01,Steamed Saffron Basmati Rice Pilaf,Classic American Comfort,GRAINS_PASTA,Executive Conference Pavilion,Spring,BREAKFAST,1,1591,551,571,3.6,0.0694,13.4,10.2,1
2025-04-01,Steamed Seasonal Market Vegetables,Classic American Comfort,VEGETABLES,Central University Dining Hall,Spring,BREAKFAST,1,1551,561,581,3.6,0.1625,31.9,12.4,1
2025-04-01,Steamed Saffron Basmati Rice Pilaf,Classic American Comfort,GRAINS_PASTA,Executive Conference Pavilion,Spring,BREAKFAST,1,1015,368,413,12.2,0.1131,14.6,22.1,1
2025-04-02,Roasted Mediterranean Ratatouille,Mediterranean Harvest,VEGETABLES,North Academic Commons,Spring,LUNCH,2,1571,545,613,12.5,0.1409,26.9,25.9,1
2025-04-02,Artisan Four-Cheese Beef Lasagna,Mediterranean Harvest,GRAINS_PASTA,St. Mary Healthcare Nutrition Center,Spring,LUNCH,2,1406,501,542,8.2,0.0955,16.8,14.8,1
2025-04-02,Artisan Four-Cheese Beef Lasagna,Mediterranean Harvest,GRAINS_PASTA,St. Mary Healthcare Nutrition Center,Spring,LUNCH,2,640,212,234,10.4,0.0608,4.5,3.4,1
2025-04-03,Creamy Wild Mushroom Soup,Asian Wok & Noodle Bar,PREPARED_SOUP,Central University Dining Hall,Spring,DINNER,3,1899,674,698,3.6,0.1309,30.9,12.9,1
2025-04-03,Creamy Wild Mushroom Soup,Asian Wok & Noodle Bar,PREPARED_SOUP,Central University Dining Hall,Spring,DINNER,3,1576,521,559,7.3,0.1155,21.1,21.3,1
2025-04-03,Herb-Crusted Atlantic Salmon Fillet,Asian Wok & Noodle Bar,MEAT_SEAFOOD,Executive Conference Pavilion,Spring,DINNER,3,994,385,430,11.7,0.028,3.8,14.1,1
2025-04-04,Garden Mixed Greens & Baby Spinach,Chef's Daily Carvery Special,VEGETABLES,North Academic Commons,Spring,BANQUET,4,1734,599,732,22.2,0.1993,41.8,73.7,1
2025-04-04,Garden Mixed Greens & Baby Spinach,Chef's Daily Carvery Special,VEGETABLES,North Academic Commons,Spring,BANQUET,4,1866,680,837,23.1,0.2031,48.3,91.8,1
2025-04-04,Braised Prime Beef Short Ribs,Chef's Daily Carvery Special,MEAT_SEAFOOD,St. Mary Healthcare Nutrition Center,Spring,BANQUET,4,1927,668,816,22.2,0.0834,19.5,77.4,1
2025-04-05,Lemon Rosemary Grilled Chicken Breast,Global Plant-Forward Fusion,MEAT_SEAFOOD,Central University Dining Hall,Spring,LUNCH_DINNER_COMBO,5,1751,449,468,4.2,0.1091,17.1,18.1,1
2025-04-05,Artisan Sourdough Rolls & Baguettes,Global Plant-Forward Fusion,BAKERY,Executive Conference Pavilion,Spring,LUNCH_DINNER_COMBO,5,1331,317,345,8.8,0.1404,15.6,27.2,1
2025-04-05,Artisan Sourdough Rolls & Baguettes,Global Plant-Forward Fusion,BAKERY,Executive Conference Pavilion,Spring,LUNCH_DINNER_COMBO,5,1801,445,491,10.3,0.1551,24.2,26.5,1
2025-04-06,Tuscan Penne alla Vodka,Classic American Comfort,GRAINS_PASTA,North Academic Commons,Spring,BREAKFAST,6,1386,502,515,2.6,0.0867,15.2,21.0,1
2025-04-06,Greek Yogurt & Fresh Berry Parfait,Classic American Comfort,DAIRY,St. Mary Healthcare Nutrition Center,Spring,BREAKFAST,6,2153,750,825,10.0,0.0934,24.5,30.8,1
2025-04-06,Greek Yogurt & Fresh Berry Parfait,Classic American Comfort,DAIRY,St. Mary Healthcare Nutrition Center,Spring,BREAKFAST,6,1212,426,436,2.3,0.1,14.9,1.1,0
2025-04-07,Steamed Saffron Basmati Rice Pilaf,Mediterranean Harvest,GRAINS_PASTA,Executive Conference Pavilion,Spring,LUNCH,0,1236,391,420,7.4,0.1376,18.8,18.3,1
2025-04-07,Steamed Seasonal Market Vegetables,Mediterranean Harvest,VEGETABLES,Central University Dining Hall,Spring,LUNCH,0,1738,597,649,8.7,0.0938,19.6,18.6,1
2025-04-07,Steamed Seasonal Market Vegetables,Mediterranean Harvest,VEGETABLES,Central University Dining Hall,Spring,LUNCH,0,1399,482,528,9.5,0.1988,33.5,7.1,1
2025-04-08,Artisan Four-Cheese Beef Lasagna,Asian Wok & Noodle Bar,GRAINS_PASTA,St. Mary Healthcare Nutrition Center,Spring,DINNER,1,1850,643,683,6.2,0.0649,14.6,20.6,1
2025-04-08,Roasted Mediterranean Ratatouille,Asian Wok & Noodle Bar,VEGETABLES,North Academic Commons,Spring,DINNER,1,1782,700,745,6.4,0.1484,36.4,21.0,1
2025-04-08,Roasted Mediterranean Ratatouille,Asian Wok & Noodle Bar,VEGETABLES,North Academic Commons,Spring,DINNER,1,1931,669,719,7.5,0.179,41.9,29.0,1
2025-04-09,Herb-Crusted Atlantic Salmon Fillet,Chef's Daily Carvery Special,MEAT_SEAFOOD,Executive Conference Pavilion,Spring,BANQUET,2,1606,604,639,5.8,0.0728,15.4,12.3,1
2025-04-09,Herb-Crusted Atlantic Salmon Fillet,Chef's Daily Carvery Special,MEAT_SEAFOOD,Executive Conference Pavilion,Spring,BANQUET,2,1593,533,559,4.9,0.02,3.7,11.7,1
2025-04-09,Creamy Wild Mushroom Soup,Chef's Daily Carvery Special,PREPARED_SOUP,Central University Dining Hall,Spring,BANQUET,2,1463,516,534,3.5,0.167,30.2,17.4,1
2025-04-10,Garden Mixed Greens & Baby Spinach,Global Plant-Forward Fusion,VEGETABLES,North Academic Commons,Spring,LUNCH_DINNER_COMBO,3,1201,313,347,10.9,0.1702,18.6,17.0,1
2025-04-10,Braised Prime Beef Short Ribs,Global Plant-Forward Fusion,MEAT_SEAFOOD,St. Mary Healthcare Nutrition Center,Spring,LUNCH_DINNER_COMBO,3,1633,386,430,11.4,0.0686,9.3,25.1,1
2025-04-10,Braised Prime Beef Short Ribs,Global Plant-Forward Fusion,MEAT_SEAFOOD,St. Mary Healthcare Nutrition Center,Spring,LUNCH_DINNER_COMBO,3,1718,388,430,10.8,0.0446,6.1,19.6,1
2025-04-11,Lemon Rosemary Grilled Chicken Breast,Classic American Comfort,MEAT_SEAFOOD,Central University Dining Hall,Spring,BREAKFAST,4,1718,590,729,23.6,0.119,24.6,70.1,1
2025-04-11,Artisan Sourdough Rolls & Baguettes,Classic American Comfort,BAKERY,Executive Conference Pavilion,Spring,BREAKFAST,4,1086,367,458,24.8,0.1655,21.3,40.5,1
2025-04-11,Lemon Rosemary Grilled Chicken Breast,Classic American Comfort,MEAT_SEAFOOD,Central University Dining Hall,Spring,BREAKFAST,4,1610,576,672,16.7,0.0724,14.6,56.7,1
2025-04-12,Greek Yogurt & Fresh Berry Parfait,Mediterranean Harvest,DAIRY,St. Mary Healthcare Nutrition Center,Spring,LUNCH,5,2013,716,756,5.6,0.0691,17.3,38.2,1
2025-04-12,Tuscan Penne alla Vodka,Mediterranean Harvest,GRAINS_PASTA,North Academic Commons,Spring,LUNCH,5,1741,582,637,9.5,0.0855,17.4,31.7,1
2025-04-12,Tuscan Penne alla Vodka,Mediterranean Harvest,GRAINS_PASTA,North Academic Commons,Spring,LUNCH,5,2291,762,831,9.1,0.195,52.0,37.4,1
2025-04-13,Steamed Seasonal Market Vegetables,Asian Wok & Noodle Bar,VEGETABLES,Central University Dining Hall,Spring,DINNER,6,1912,714,790,10.6,0.1516,37.9,36.2,1
2025-04-13,Steamed Saffron Basmati Rice Pilaf,Asian Wok & Noodle Bar,GRAINS_PASTA,Executive Conference Pavilion,Spring,DINNER,6,1767,626,660,5.4,0.1686,36.9,16.8,1
2025-04-13,Steamed Saffron Basmati Rice Pilaf,Asian Wok & Noodle Bar,GRAINS_PASTA,Executive Conference Pavilion,Spring,DINNER,6,1707,564,587,4.1,0.0645,12.7,10.9,1
2025-04-14,Roasted Mediterranean Ratatouille,Chef's Daily Carvery Special,VEGETABLES,North Academic Commons,Spring,BANQUET,0,2218,730,786,7.7,0.1165,29.8,25.2,1
2025-04-14,Artisan Four-Cheese Beef Lasagna,Chef's Daily Carvery Special,GRAINS_PASTA,St. Mary Healthcare Nutrition Center,Spring,BANQUET,0,1153,420,445,6.0,0.0715,10.5,13.9,1
2025-04-14,Artisan Four-Cheese Beef Lasagna,Chef's Daily Carvery Special,GRAINS_PASTA,St. Mary Healthcare Nutrition Center,Spring,BANQUET,0,1406,516,559,8.3,0.0992,17.9,17.6,1
2025-04-15,Creamy Wild Mushroom Soup,Global Plant-Forward Fusion,PREPARED_SOUP,Central University Dining Hall,Spring,LUNCH_DINNER_COMBO,1,988,249,270,8.4,0.1755,15.3,11.8,1
2025-04-15,Creamy Wild Mushroom Soup,Global Plant-Forward Fusion,PREPARED_SOUP,Central University Dining Hall,Spring,LUNCH_DINNER_COMBO,1,1329,301,317,5.3,0.1251,13.2,2.9,0
2025-04-15,Herb-Crusted Atlantic Salmon Fillet,Global Plant-Forward Fusion,MEAT_SEAFOOD,Executive Conference Pavilion,Spring,LUNCH_DINNER_COMBO,1,1664,426,481,12.9,0.1241,18.5,20.0,1
2025-04-16,Garden Mixed Greens & Baby Spinach,Classic American Comfort,VEGETABLES,North Academic Commons,Spring,BREAKFAST,2,786,279,308,10.4,0.2593,25.3,11.4,1
2025-04-16,Braised Prime Beef Short Ribs,Classic American Comfort,MEAT_SEAFOOD,St. Mary Healthcare Nutrition Center,Spring,BREAKFAST,2,1346,485,506,4.3,0.0481,8.2,6.3,1
2025-04-16,Garden Mixed Greens & Baby Spinach,Classic American Comfort,VEGETABLES,North Academic Commons,Spring,BREAKFAST,2,1755,614,673,9.6,0.1622,34.9,19.7,1
2025-04-17,Artisan Sourdough Rolls & Baguettes,Mediterranean Harvest,BAKERY,Executive Conference Pavilion,Spring,LUNCH,3,1703,590,643,9.0,0.2074,42.8,31.3,1
2025-04-17,Artisan Sourdough Rolls & Baguettes,Mediterranean Harvest,BAKERY,Executive Conference Pavilion,Spring,LUNCH,3,1768,624,681,9.1,0.1575,34.4,26.2,1
2025-04-17,Lemon Rosemary Grilled Chicken Breast,Mediterranean Harvest,MEAT_SEAFOOD,Central University Dining Hall,Spring,LUNCH,3,2014,675,729,8.0,0.1387,32.8,15.2,1
2025-04-18,Greek Yogurt & Fresh Berry Parfait,Asian Wok & Noodle Bar,DAIRY,St. Mary Healthcare Nutrition Center,Spring,DINNER,4,2260,795,1036,30.3,0.093,25.9,117.6,1
2025-04-18,Tuscan Penne alla Vodka,Asian Wok & Noodle Bar,GRAINS_PASTA,North Academic Commons,Spring,DINNER,4,2239,806,927,15.0,0.087,24.5,80.9,1
2025-04-18,Greek Yogurt & Fresh Berry Parfait,Asian Wok & Noodle Bar,DAIRY,St. Mary Healthcare Nutrition Center,Spring,DINNER,4,2017,702,862,22.8,0.02,4.9,79.2,1
2025-04-19,Steamed Seasonal Market Vegetables,Chef's Daily Carvery Special,VEGETABLES,Central University Dining Hall,Spring,BANQUET,5,1619,594,641,7.9,0.1424,29.6,32.3,1
2025-04-19,Steamed Seasonal Market Vegetables,Chef's Daily Carvery Special,VEGETABLES,Central University Dining Hall,Spring,BANQUET,5,1676,565,583,3.2,0.1616,32.0,26.2,1
2025-04-19,Steamed Saffron Basmati Rice Pilaf,Chef's Daily Carvery Special,GRAINS_PASTA,Executive Conference Pavilion,Spring,BANQUET,5,2079,745,776,4.2,0.1622,42.3,27.2,1
2025-04-20,Roasted Mediterranean Ratatouille,Global Plant-Forward Fusion,VEGETABLES,North Academic Commons,Spring,LUNCH_DINNER_COMBO,6,1003,247,256,3.6,0.1147,9.9,4.8,1
2025-04-20,Roasted Mediterranean Ratatouille,Global Plant-Forward Fusion,VEGETABLES,North Academic Commons,Spring,LUNCH_DINNER_COMBO,6,1396,370,411,11.1,0.0704,9.1,20.2,1
2025-04-20,Artisan Four-Cheese Beef Lasagna,Global Plant-Forward Fusion,GRAINS_PASTA,St. Mary Healthcare Nutrition Center,Spring,LUNCH_DINNER_COMBO,6,859,209,223,6.7,0.086,6.3,13.5,1
2025-04-21,Herb-Crusted Atlantic Salmon Fillet,Classic American Comfort,MEAT_SEAFOOD,Executive Conference Pavilion,Spring,BREAKFAST,0,1209,453,466,2.9,0.1358,21.5,9.7,1
2025-04-21,Herb-Crusted Atlantic Salmon Fillet,Classic American Comfort,MEAT_SEAFOOD,Executive Conference Pavilion,Spring,BREAKFAST,0,1482,560,584,4.3,0.0462,9.1,12.2,1
2025-04-21,Creamy Wild Mushroom Soup,Classic American Comfort,PREPARED_SOUP,Central University Dining Hall,Spring,BREAKFAST,0,1151,407,427,4.9,0.1266,18.0,12.7,1
2025-04-22,Braised Prime Beef Short Ribs,Mediterranean Harvest,MEAT_SEAFOOD,St. Mary Healthcare Nutrition Center,Spring,LUNCH,1,1701,603,639,6.0,0.08,16.9,14.2,1
2025-04-22,Braised Prime Beef Short Ribs,Mediterranean Harvest,MEAT_SEAFOOD,St. Mary Healthcare Nutrition Center,Spring,LUNCH,1,1138,418,449,7.4,0.0553,8.1,5.2,1
2025-04-22,Garden Mixed Greens & Baby Spinach,Mediterranean Harvest,VEGETABLES,North Academic Commons,Spring,LUNCH,1,2282,779,811,4.1,0.18,49.1,24.6,1
2025-04-23,Lemon Rosemary Grilled Chicken Breast,Asian Wok & Noodle Bar,MEAT_SEAFOOD,Central University Dining Hall,Spring,DINNER,2,933,362,389,7.5,0.1099,13.9,14.6,1
2025-04-23,Artisan Sourdough Rolls & Baguettes,Asian Wok & Noodle Bar,BAKERY,Executive Conference Pavilion,Spring,DINNER,2,1539,557,583,4.7,0.1201,23.4,9.3,1
2025-04-23,Lemon Rosemary Grilled Chicken Breast,Asian Wok & Noodle Bar,MEAT_SEAFOOD,Central University Dining Hall,Spring,DINNER,2,1505,499,519,4.0,0.09,15.7,8.1,1
2025-04-24,Tuscan Penne alla Vodka,Chef's Daily Carvery Special,GRAINS_PASTA,North Academic Commons,Spring,BANQUET,3,1652,558,619,10.9,0.1302,25.4,25.3,1
2025-04-24,Tuscan Penne alla Vodka,Chef's Daily Carvery Special,GRAINS_PASTA,North Academic Commons,Spring,BANQUET,3,2253,748,825,10.3,0.0995,26.0,14.5,1
2025-04-24,Greek Yogurt & Fresh Berry Parfait,Chef's Daily Carvery Special,DAIRY,St. Mary Healthcare Nutrition Center,Spring,BANQUET,3,1685,592,644,8.8,0.0946,19.6,19.1,1
2025-04-25,Steamed Seasonal Market Vegetables,Global Plant-Forward Fusion,VEGETABLES,Central University Dining Hall,Spring,LUNCH_DINNER_COMBO,4,1291,304,379,24.7,0.1964,20.9,30.8,1
2025-04-25,Steamed Saffron Basmati Rice Pilaf,Global Plant-Forward Fusion,GRAINS_PASTA,Executive Conference Pavilion,Spring,LUNCH_DINNER_COMBO,4,1588,383,469,22.5,0.1717,23.0,55.1,1
2025-04-25,Steamed Saffron Basmati Rice Pilaf,Global Plant-Forward Fusion,GRAINS_PASTA,Executive Conference Pavilion,Spring,LUNCH_DINNER_COMBO,4,1277,305,341,11.8,0.1033,11.0,21.3,1
2025-04-26,Roasted Mediterranean Ratatouille,Classic American Comfort,VEGETABLES,North Academic Commons,Spring,BREAKFAST,5,1164,358,370,3.4,0.1613,20.2,12.9,1
2025-04-26,Artisan Four-Cheese Beef Lasagna,Classic American Comfort,GRAINS_PASTA,St. Mary Healthcare Nutrition Center,Spring,BREAKFAST,5,1165,378,392,3.7,0.0761,10.1,20.2,1
2025-04-26,Artisan Four-Cheese Beef Lasagna,Classic American Comfort,GRAINS_PASTA,St. Mary Healthcare Nutrition Center,Spring,BREAKFAST,5,2150,729,770,5.6,0.02,5.1,32.5,1
2025-04-27,Creamy Wild Mushroom Soup,Mediterranean Harvest,PREPARED_SOUP,Central University Dining Hall,Spring,LUNCH,6,1211,467,478,2.4,0.1346,22.0,12.7,1
2025-04-27,Creamy Wild Mushroom Soup,Mediterranean Harvest,PREPARED_SOUP,Central University Dining Hall,Spring,LUNCH,6,2035,742,778,4.9,0.0787,20.4,21.4,1
2025-04-27,Herb-Crusted Atlantic Salmon Fillet,Mediterranean Harvest,MEAT_SEAFOOD,Executive Conference Pavilion,Spring,LUNCH,6,1524,511,558,9.2,0.0687,12.3,15.7,1
2025-04-28,Garden Mixed Greens & Baby Spinach,Asian Wok & Noodle Bar,VEGETABLES,North Academic Commons,Spring,DINNER,0,1610,545,593,8.8,0.1582,30.2,22.0,1
2025-04-28,Garden Mixed Greens & Baby Spinach,Asian Wok & Noodle Bar,VEGETABLES,North Academic Commons,Spring,DINNER,0,1676,567,586,3.4,0.1522,30.2,13.0,1
2025-04-28,Braised Prime Beef Short Ribs,Asian Wok & Noodle Bar,MEAT_SEAFOOD,St. Mary Healthcare Nutrition Center,Spring,DINNER,0,1334,467,516,10.5,0.051,8.3,19.2,1
2025-04-29,Artisan Sourdough Rolls & Baguettes,Chef's Daily Carvery Special,BAKERY,Executive Conference Pavilion,Spring,BANQUET,1,1726,581,622,7.1,0.1646,33.5,9.6,1
2025-04-29,Artisan Sourdough Rolls & Baguettes,Chef's Daily Carvery Special,BAKERY,Executive Conference Pavilion,Spring,BANQUET,1,1172,428,446,4.2,0.1744,26.1,13.4,1
2025-04-29,Lemon Rosemary Grilled Chicken Breast,Chef's Daily Carvery Special,MEAT_SEAFOOD,Central University Dining Hall,Spring,BANQUET,1,1298,455,499,9.7,0.1325,21.1,23.0,1
2025-04-30,Greek Yogurt & Fresh Berry Parfait,Global Plant-Forward Fusion,DAIRY,St. Mary Healthcare Nutrition Center,Spring,LUNCH_DINNER_COMBO,2,1688,463,488,5.4,0.0598,9.7,7.9,1
2025-04-30,Tuscan Penne alla Vodka,Global Plant-Forward Fusion,GRAINS_PASTA,North Academic Commons,Spring,LUNCH_DINNER_COMBO,2,1391,340,354,4.1,0.0914,10.9,0.0,0
2025-04-30,Greek Yogurt & Fresh Berry Parfait,Global Plant-Forward Fusion,DAIRY,St. Mary Healthcare Nutrition Center,Spring,LUNCH_DINNER_COMBO,2,1156,291,315,8.2,0.0595,6.1,4.6,1
2025-05-01,Steamed Saffron Basmati Rice Pilaf,Classic American Comfort,GRAINS_PASTA,Executive Conference Pavilion,Spring,BREAKFAST,3,2046,724,762,5.2,0.1055,26.7,26.1,1
2025-05-01,Steamed Seasonal Market Vegetables,Classic American Comfort,VEGETABLES,Central University Dining Hall,Spring,BREAKFAST,3,1082,420,438,4.3,0.1557,22.9,17.5,1
2025-05-01,Steamed Seasonal Market Vegetables,Classic American Comfort,VEGETABLES,Central University Dining Hall,Spring,BREAKFAST,3,1714,568,603,6.2,0.1228,24.4,20.5,1
2025-05-02,Artisan Four-Cheese Beef Lasagna,Mediterranean Harvest,GRAINS_PASTA,St. Mary Healthcare Nutrition Center,Spring,LUNCH,4,1999,679,841,23.9,0.058,13.8,80.0,1
2025-05-02,Roasted Mediterranean Ratatouille,Mediterranean Harvest,VEGETABLES,North Academic Commons,Spring,LUNCH,4,1519,496,587,18.3,0.0966,16.8,50.5,1
2025-05-02,Roasted Mediterranean Ratatouille,Mediterranean Harvest,VEGETABLES,North Academic Commons,Spring,LUNCH,4,986,364,433,19.0,0.0976,12.4,50.7,1
2025-05-03,Herb-Crusted Atlantic Salmon Fillet,Asian Wok & Noodle Bar,MEAT_SEAFOOD,Executive Conference Pavilion,Spring,DINNER,5,1050,394,434,10.2,0.02,2.8,23.9,1
2025-05-03,Creamy Wild Mushroom Soup,Asian Wok & Noodle Bar,PREPARED_SOUP,Central University Dining Hall,Spring,DINNER,5,1985,721,790,9.6,0.12,30.3,45.3,1
2025-05-03,Herb-Crusted Atlantic Salmon Fillet,Asian Wok & Noodle Bar,MEAT_SEAFOOD,Executive Conference Pavilion,Spring,DINNER,5,1673,583,639,9.6,0.1092,22.3,32.9,1
2025-05-04,Braised Prime Beef Short Ribs,Chef's Daily Carvery Special,MEAT_SEAFOOD,St. Mary Healthcare Nutrition Center,Spring,BANQUET,6,1587,505,522,3.4,0.0398,7.0,6.1,1
2025-05-04,Garden Mixed Greens & Baby Spinach,Chef's Daily Carvery Special,VEGETABLES,North Academic Commons,Spring,BANQUET,6,2103,724,783,8.1,0.1279,32.4,25.8,1
2025-05-04,Braised Prime Beef Short Ribs,Chef's Daily Carvery Special,MEAT_SEAFOOD,St. Mary Healthcare Nutrition Center,Spring,BANQUET,6,2071,778,814,4.6,0.0802,21.8,15.5,1
2025-05-05,Lemon Rosemary Grilled Chicken Breast,Global Plant-Forward Fusion,MEAT_SEAFOOD,Central University Dining Hall,Spring,LUNCH_DINNER_COMBO,0,2184,523,555,6.1,0.093,17.0,11.4,1
2025-05-05,Lemon Rosemary Grilled Chicken Breast,Global Plant-Forward Fusion,MEAT_SEAFOOD,Central University Dining Hall,Spring,LUNCH_DINNER_COMBO,0,1606,410,425,3.7,0.0411,5.9,7.2,1
2025-05-05,Artisan Sourdough Rolls & Baguettes,Global Plant-Forward Fusion,BAKERY,Executive Conference Pavilion,Spring,LUNCH_DINNER_COMBO,0,1581,370,399,7.8,0.1244,16.1,12.9,1
2025-05-06,Tuscan Penne alla Vodka,Classic American Comfort,GRAINS_PASTA,North Academic Commons,Spring,BREAKFAST,1,1632,529,581,9.8,0.0788,14.6,15.6,1
2025-05-06,Greek Yogurt & Fresh Berry Parfait,Classic American Comfort,DAIRY,St. Mary Healthcare Nutrition Center,Spring,BREAKFAST,1,2397,855,965,12.9,0.0519,15.5,40.3,1
2025-05-06,Tuscan Penne alla Vodka,Classic American Comfort,GRAINS_PASTA,North Academic Commons,Spring,BREAKFAST,1,1851,636,656,3.1,0.1258,28.0,10.5,1
2025-05-07,Steamed Seasonal Market Vegetables,Mediterranean Harvest,VEGETABLES,Central University Dining Hall,Spring,LUNCH,2,1217,446,476,6.7,0.1851,28.9,11.9,1
2025-05-07,Steamed Saffron Basmati Rice Pilaf,Mediterranean Harvest,GRAINS_PASTA,Executive Conference Pavilion,Spring,LUNCH,2,2038,717,749,4.5,0.1349,33.9,20.0,1
2025-05-07,Steamed Saffron Basmati Rice Pilaf,Mediterranean Harvest,GRAINS_PASTA,Executive Conference Pavilion,Spring,LUNCH,2,2182,789,829,5.1,0.1253,34.6,14.5,1
2025-05-08,Roasted Mediterranean Ratatouille,Asian Wok & Noodle Bar,VEGETABLES,North Academic Commons,Spring,DINNER,3,2050,697,756,8.5,0.181,44.2,29.9,1
2025-05-08,Artisan Four-Cheese Beef Lasagna,Asian Wok & Noodle Bar,GRAINS_PASTA,St. Mary Healthcare Nutrition Center,Spring,DINNER,3,1812,659,733,11.2,0.0215,5.0,22.9,1
2025-05-08,Artisan Four-Cheese Beef Lasagna,Asian Wok & Noodle Bar,GRAINS_PASTA,St. Mary Healthcare Nutrition Center,Spring,DINNER,3,770,260,281,8.1,0.076,6.9,9.8,1
2025-05-09,Herb-Crusted Atlantic Salmon Fillet,Chef's Daily Carvery Special,MEAT_SEAFOOD,Executive Conference Pavilion,Spring,BANQUET,4,1775,666,785,17.9,0.0688,16.0,69.7,1
2025-05-09,Creamy Wild Mushroom Soup,Chef's Daily Carvery Special,PREPARED_SOUP,Central University Dining Hall,Spring,BANQUET,4,1261,421,536,27.3,0.1153,17.0,76.3,1
2025-05-09,Creamy Wild Mushroom Soup,Chef's Daily Carvery Special,PREPARED_SOUP,Central University Dining Hall,Spring,BANQUET,4,1276,412,518,25.7,0.1372,19.8,78.5,1
2025-05-10,Garden Mixed Greens & Baby Spinach,Global Plant-Forward Fusion,VEGETABLES,North Academic Commons,Spring,LUNCH_DINNER_COMBO,5,1697,403,436,8.2,0.2197,31.0,17.7,1
2025-05-10,Braised Prime Beef Short Ribs,Global Plant-Forward Fusion,MEAT_SEAFOOD,St. Mary Healthcare Nutrition Center,Spring,LUNCH_DINNER_COMBO,5,1953,518,549,6.0,0.0248,4.5,26.5,1
2025-05-10,Garden Mixed Greens & Baby Spinach,Global Plant-Forward Fusion,VEGETABLES,North Academic Commons,Spring,LUNCH_DINNER_COMBO,5,1493,375,391,4.3,0.1854,24.3,17.7,1
2025-05-11,Lemon Rosemary Grilled Chicken Breast,Classic American Comfort,MEAT_SEAFOOD,Central University Dining Hall,Spring,BREAKFAST,6,1837,639,668,4.5,0.0965,21.6,18.1,1
2025-05-11,Artisan Sourdough Rolls & Baguettes,Classic American Comfort,BAKERY,Executive Conference Pavilion,Spring,BREAKFAST,6,1137,417,429,2.9,0.1412,20.6,10.1,1
2025-05-11,Artisan Sourdough Rolls & Baguettes,Classic American Comfort,BAKERY,Executive Conference Pavilion,Spring,BREAKFAST,6,2496,871,918,5.4,0.1394,42.5,19.7,1
2025-05-12,Greek Yogurt & Fresh Berry Parfait,Mediterranean Harvest,DAIRY,St. Mary Healthcare Nutrition Center,Spring,LUNCH,0,1600,584,616,5.5,0.1103,22.5,20.3,1
2025-05-12,Tuscan Penne alla Vodka,Mediterranean Harvest,GRAINS_PASTA,North Academic Commons,Spring,LUNCH,0,1718,596,638,7.0,0.0952,19.9,14.2,1
2025-05-12,Greek Yogurt & Fresh Berry Parfait,Mediterranean Harvest,DAIRY,St. Mary Healthcare Nutrition Center,Spring,LUNCH,0,1482,568,604,6.3,0.0886,17.6,11.2,1
2025-05-13,Steamed Saffron Basmati Rice Pilaf,Asian Wok & Noodle Bar,GRAINS_PASTA,Executive Conference Pavilion,Spring,DINNER,1,1196,376,392,4.3,0.1236,16.3,5.1,1
2025-05-13,Steamed Seasonal Market Vegetables,Asian Wok & Noodle Bar,VEGETABLES,Central University Dining Hall,Spring,DINNER,1,1821,661,702,6.2,0.1071,24.8,10.6,1
2025-05-13,Steamed Seasonal Market Vegetables,Asian Wok & Noodle Bar,VEGETABLES,Central University Dining Hall,Spring,DINNER,1,1647,577,606,5.0,0.1811,36.6,16.0,1
2025-05-14,Roasted Mediterranean Ratatouille,Chef's Daily Carvery Special,VEGETABLES,North Academic Commons,Spring,BANQUET,2,1641,617,670,8.6,0.1107,23.9,27.5,1
2025-05-14,Roasted Mediterranean Ratatouille,Chef's Daily Carvery Special,VEGETABLES,North Academic Commons,Spring,BANQUET,2,1520,558,624,11.8,0.1436,28.0,23.4,1
2025-05-14,Artisan Four-Cheese Beef Lasagna,Chef's Daily Carvery Special,GRAINS_PASTA,St. Mary Healthcare Nutrition Center,Spring,BANQUET,2,1208,472,490,3.8,0.0466,7.7,7.2,1
2025-05-15,Herb-Crusted Atlantic Salmon Fillet,Global Plant-Forward Fusion,MEAT_SEAFOOD,Executive Conference Pavilion,Spring,LUNCH_DINNER_COMBO,3,1612,368,395,7.3,0.0981,12.6,6.4,1
2025-05-15,Creamy Wild Mushroom Soup,Global Plant-Forward Fusion,PREPARED_SOUP,Central University Dining Hall,Spring,LUNCH_DINNER_COMBO,3,1572,363,392,8.0,0.0661,8.4,4.6,1
2025-05-15,Herb-Crusted Atlantic Salmon Fillet,Global Plant-Forward Fusion,MEAT_SEAFOOD,Executive Conference Pavilion,Spring,LUNCH_DINNER_COMBO,3,1891,484,506,4.5,0.0342,5.8,11.5,1
2025-05-16,Braised Prime Beef Short Ribs,Classic American Comfort,MEAT_SEAFOOD,St. Mary Healthcare Nutrition Center,Spring,BREAKFAST,4,1714,599,777,29.7,0.1143,24.0,78.1,1
2025-05-16,Braised Prime Beef Short Ribs,Classic American Comfort,MEAT_SEAFOOD,St. Mary Healthcare Nutrition Center,Spring,BREAKFAST,4,1646,587,771,31.3,0.0536,11.0,86.3,1
2025-05-16,Garden Mixed Greens & Baby Spinach,Classic American Comfort,VEGETABLES,North Academic Commons,Spring,BREAKFAST,4,1473,487,614,26.1,0.1692,28.8,53.6,1
2025-05-17,Lemon Rosemary Grilled Chicken Breast,Mediterranean Harvest,MEAT_SEAFOOD,Central University Dining Hall,Spring,LUNCH,5,1609,563,592,5.2,0.0478,9.4,20.2,1
2025-05-17,Lemon Rosemary Grilled Chicken Breast,Mediterranean Harvest,MEAT_SEAFOOD,Central University Dining Hall,Spring,LUNCH,5,1756,598,610,2.0,0.0988,20.7,25.5,1
2025-05-17,Artisan Sourdough Rolls & Baguettes,Mediterranean Harvest,BAKERY,Executive Conference Pavilion,Spring,LUNCH,5,1674,611,644,5.4,0.1555,33.3,20.0,1
2025-05-18,Tuscan Penne alla Vodka,Asian Wok & Noodle Bar,GRAINS_PASTA,North Academic Commons,Spring,DINNER,6,2047,709,746,5.2,0.114,28.3,9.8,1
2025-05-18,Tuscan Penne alla Vodka,Asian Wok & Noodle Bar,GRAINS_PASTA,North Academic Commons,Spring,DINNER,6,1681,613,649,5.9,0.1464,31.4,6.6,1
2025-05-18,Greek Yogurt & Fresh Berry Parfait,Asian Wok & Noodle Bar,DAIRY,St. Mary Healthcare Nutrition Center,Spring,DINNER,6,1322,457,480,5.0,0.1141,18.3,10.8,1
2025-05-19,Steamed Seasonal Market Vegetables,Chef's Daily Carvery Special,VEGETABLES,Central University Dining Hall,Spring,BANQUET,0,2290,766,787,2.7,0.1961,52.6,10.2,1
2025-05-19,Steamed Saffron Basmati Rice Pilaf,Chef's Daily Carvery Special,GRAINS_PASTA,Executive Conference Pavilion,Spring,BANQUET,0,2156,740,793,7.2,0.145,37.5,19.4,1
2025-05-19,Steamed Saffron Basmati Rice Pilaf,Chef's Daily Carvery Special,GRAINS_PASTA,Executive Conference Pavilion,Spring,BANQUET,0,1961,649,719,10.8,0.0895,20.3,24.9,1
2025-05-20,Roasted Mediterranean Ratatouille,Global Plant-Forward Fusion,VEGETABLES,North Academic Commons,Spring,LUNCH_DINNER_COMBO,1,1309,354,398,12.4,0.153,19.0,15.6,1
2025-05-20,Artisan Four-Cheese Beef Lasagna,Global Plant-Forward Fusion,GRAINS_PASTA,St. Mary Healthcare Nutrition Center,Spring,LUNCH_DINNER_COMBO,1,1171,300,342,14.0,0.0329,3.5,8.5,1
2025-05-20,Artisan Four-Cheese Beef Lasagna,Global Plant-Forward Fusion,GRAINS_PASTA,St. Mary Healthcare Nutrition Center,Spring,LUNCH_DINNER_COMBO,1,1616,434,468,7.8,0.0495,7.5,2.4,0
2025-05-21,Herb-Crusted Atlantic Salmon Fillet,Classic American Comfort,MEAT_SEAFOOD,Executive Conference Pavilion,Spring,BREAKFAST,2,1752,549,604,10.0,0.0856,16.4,20.5,1
2025-05-21,Creamy Wild Mushroom Soup,Classic American Comfort,PREPARED_SOUP,Central University Dining Hall,Spring,BREAKFAST,2,1444,541,585,8.1,0.0938,17.8,16.8,1
2025-05-21,Creamy Wild Mushroom Soup,Classic American Comfort,PREPARED_SOUP,Central University Dining Hall,Spring,BREAKFAST,2,1763,587,628,7.0,0.1001,20.6,25.9,1
2025-05-22,Braised Prime Beef Short Ribs,Mediterranean Harvest,MEAT_SEAFOOD,St. Mary Healthcare Nutrition Center,Spring,LUNCH,3,1570,534,552,3.4,0.0853,15.9,0.0,0
2025-05-22,Garden Mixed Greens & Baby Spinach,Mediterranean Harvest,VEGETABLES,North Academic Commons,Spring,LUNCH,3,1397,441,483,9.5,0.1635,25.2,17.2,1
2025-05-22,Garden Mixed Greens & Baby Spinach,Mediterranean Harvest,VEGETABLES,North Academic Commons,Spring,LUNCH,3,1318,436,455,4.4,0.1485,22.7,9.6,1
2025-05-23,Artisan Sourdough Rolls & Baguettes,Asian Wok & Noodle Bar,BAKERY,Executive Conference Pavilion,Spring,DINNER,4,2142,724,831,14.8,0.145,36.8,73.5,1
2025-05-23,Lemon Rosemary Grilled Chicken Breast,Asian Wok & Noodle Bar,MEAT_SEAFOOD,Central University Dining Hall,Spring,DINNER,4,1407,488,601,23.2,0.083,14.2,54.0,1
2025-05-23,Artisan Sourdough Rolls & Baguettes,Asian Wok & Noodle Bar,BAKERY,Executive Conference Pavilion,Spring,DINNER,4,1669,611,693,13.4,0.1541,33.0,45.4,1
2025-05-24,Greek Yogurt & Fresh Berry Parfait,Chef's Daily Carvery Special,DAIRY,St. Mary Healthcare Nutrition Center,Spring,BANQUET,5,1367,507,543,7.1,0.1386,24.6,27.2,1
2025-05-24,Tuscan Penne alla Vodka,Chef's Daily Carvery Special,GRAINS_PASTA,North Academic Commons,Spring,BANQUET,5,1092,390,412,5.6,0.1463,20.0,17.7,1
2025-05-24,Greek Yogurt & Fresh Berry Parfait,Chef's Daily Carvery Special,DAIRY,St. Mary Healthcare Nutrition Center,Spring,BANQUET,5,1706,619,678,9.5,0.086,18.6,22.7,1
2025-05-25,Steamed Seasonal Market Vegetables,Global Plant-Forward Fusion,VEGETABLES,Central University Dining Hall,Spring,LUNCH_DINNER_COMBO,6,1488,374,394,5.3,0.1434,18.8,8.3,1
2025-05-25,Steamed Seasonal Market Vegetables,Global Plant-Forward Fusion,VEGETABLES,Central University Dining Hall,Spring,LUNCH_DINNER_COMBO,6,1381,331,363,9.7,0.1451,16.8,13.0,1
2025-05-25,Steamed Saffron Basmati Rice Pilaf,Global Plant-Forward Fusion,GRAINS_PASTA,Executive Conference Pavilion,Spring,LUNCH_DINNER_COMBO,6,1755,466,512,9.9,0.0844,13.8,9.7,1
2025-05-26,Roasted Mediterranean Ratatouille,Classic American Comfort,VEGETABLES,North Academic Commons,Spring,BREAKFAST,0,1454,491,514,4.7,0.0828,14.2,7.3,1
2025-05-26,Roasted Mediterranean Ratatouille,Classic American Comfort,VEGETABLES,North Academic Commons,Spring,BREAKFAST,0,1189,436,451,3.4,0.1715,26.2,11.3,1
2025-05-26,Artisan Four-Cheese Beef Lasagna,Classic American Comfort,GRAINS_PASTA,St. Mary Healthcare Nutrition Center,Spring,BREAKFAST,0,1801,596,645,8.2,0.0852,17.8,26.3,1
2025-05-27,Herb-Crusted Atlantic Salmon Fillet,Mediterranean Harvest,MEAT_SEAFOOD,Executive Conference Pavilion,Spring,LUNCH,1,1671,546,601,10.1,0.0548,10.5,20.0,1
2025-05-27,Herb-Crusted Atlantic Salmon Fillet,Mediterranean Harvest,MEAT_SEAFOOD,Executive Conference Pavilion,Spring,LUNCH,1,1100,386,412,6.7,0.0586,7.9,10.9,1
2025-05-27,Creamy Wild Mushroom Soup,Mediterranean Harvest,PREPARED_SOUP,Central University Dining Hall,Spring,LUNCH,1,1650,562,630,12.1,0.0737,14.5,30.5,1
2025-05-28,Braised Prime Beef Short Ribs,Asian Wok & Noodle Bar,MEAT_SEAFOOD,St. Mary Healthcare Nutrition Center,Spring,DINNER,2,1854,669,743,11.1,0.0891,20.9,17.2,1
2025-05-28,Garden Mixed Greens & Baby Spinach,Asian Wok & Noodle Bar,VEGETABLES,North Academic Commons,Spring,DINNER,2,1682,558,587,5.2,0.1737,33.9,13.9,1
2025-05-28,Braised Prime Beef Short Ribs,Asian Wok & Noodle Bar,MEAT_SEAFOOD,St. Mary Healthcare Nutrition Center,Spring,DINNER,2,1804,644,706,9.6,0.0925,20.9,24.0,1
2025-05-29,Lemon Rosemary Grilled Chicken Breast,Chef's Daily Carvery Special,MEAT_SEAFOOD,Central University Dining Hall,Spring,BANQUET,3,1117,372,406,9.1,0.0648,8.4,14.3,1
2025-05-29,Lemon Rosemary Grilled Chicken Breast,Chef's Daily Carvery Special,MEAT_SEAFOOD,Central University Dining Hall,Spring,BANQUET,3,1638,562,617,9.8,0.0228,4.5,22.5,1
2025-05-29,Artisan Sourdough Rolls & Baguettes,Chef's Daily Carvery Special,BAKERY,Executive Conference Pavilion,Spring,BANQUET,3,1555,530,568,7.2,0.0787,14.6,17.0,1
2025-05-30,Tuscan Penne alla Vodka,Global Plant-Forward Fusion,GRAINS_PASTA,North Academic Commons,Spring,LUNCH_DINNER_COMBO,4,1129,301,354,17.6,0.1217,12.8,30.9,1
2025-05-30,Greek Yogurt & Fresh Berry Parfait,Global Plant-Forward Fusion,DAIRY,St. Mary Healthcare Nutrition Center,Spring,LUNCH_DINNER_COMBO,4,1666,398,444,11.6,0.0903,12.6,26.9,1
2025-05-30,Tuscan Penne alla Vodka,Global Plant-Forward Fusion,GRAINS_PASTA,North Academic Commons,Spring,LUNCH_DINNER_COMBO,4,1228,219,269,22.8,0.0839,6.4,29.7,1
2025-05-31,Steamed Saffron Basmati Rice Pilaf,Classic American Comfort,GRAINS_PASTA,Executive Conference Pavilion,Spring,BREAKFAST,5,1626,594,637,7.2,0.1761,36.6,29.7,1
2025-05-31,Steamed Saffron Basmati Rice Pilaf,Classic American Comfort,GRAINS_PASTA,Executive Conference Pavilion,Spring,BREAKFAST,5,1838,689,721,4.6,0.1372,33.1,27.7,1
2025-05-31,Steamed Seasonal Market Vegetables,Classic American Comfort,VEGETABLES,Central University Dining Hall,Spring,BREAKFAST,5,1654,604,674,11.6,0.2231,47.2,34.6,1
2025-06-01,Artisan Four-Cheese Beef Lasagna,Mediterranean Harvest,GRAINS_PASTA,St. Mary Healthcare Nutrition Center,Summer,LUNCH,6,1747,621,685,10.3,0.0915,19.9,20.9,1
2025-06-01,Artisan Four-Cheese Beef Lasagna,Mediterranean Harvest,GRAINS_PASTA,St. Mary Healthcare Nutrition Center,Summer,LUNCH,6,1811,611,670,9.7,0.0688,14.7,28.2,1
2025-06-01,Roasted Mediterranean Ratatouille,Mediterranean Harvest,VEGETABLES,North Academic Commons,Summer,LUNCH,6,1887,619,654,5.7,0.1436,31.1,8.0,1
2025-06-02,Creamy Wild Mushroom Soup,Asian Wok & Noodle Bar,PREPARED_SOUP,Central University Dining Hall,Summer,DINNER,0,1903,653,671,2.8,0.1098,25.1,10.4,1
2025-06-02,Creamy Wild Mushroom Soup,Asian Wok & Noodle Bar,PREPARED_SOUP,Central University Dining Hall,Summer,DINNER,0,2083,745,772,3.6,0.1089,28.4,21.2,1
2025-06-02,Herb-Crusted Atlantic Salmon Fillet,Asian Wok & Noodle Bar,MEAT_SEAFOOD,Executive Conference Pavilion,Summer,DINNER,0,2003,735,780,6.1,0.02,5.1,20.9,1
2025-06-03,Braised Prime Beef Short Ribs,Chef's Daily Carvery Special,MEAT_SEAFOOD,St. Mary Healthcare Nutrition Center,Summer,BANQUET,1,1777,599,645,7.7,0.094,19.7,19.9,1
2025-06-03,Garden Mixed Greens & Baby Spinach,Chef's Daily Carvery Special,VEGETABLES,North Academic Commons,Summer,BANQUET,1,1773,631,688,9.0,0.192,42.4,21.5,1
2025-06-03,Garden Mixed Greens & Baby Spinach,Chef's Daily Carvery Special,VEGETABLES,North Academic Commons,Summer,BANQUET,1,1649,556,619,11.3,0.2321,45.2,29.0,1
2025-06-04,Lemon Rosemary Grilled Chicken Breast,Global Plant-Forward Fusion,MEAT_SEAFOOD,Central University Dining Hall,Summer,LUNCH_DINNER_COMBO,2,1773,429,477,11.2,0.0479,7.2,4.4,1
2025-06-04,Artisan Sourdough Rolls & Baguettes,Global Plant-Forward Fusion,BAKERY,Executive Conference Pavilion,Summer,LUNCH_DINNER_COMBO,2,1132,316,327,3.5,0.1517,16.8,8.3,1
2025-06-04,Artisan Sourdough Rolls & Baguettes,Global Plant-Forward Fusion,BAKERY,Executive Conference Pavilion,Summer,LUNCH_DINNER_COMBO,2,1124,299,331,10.7,0.1949,20.4,11.5,1
2025-06-05,Greek Yogurt & Fresh Berry Parfait,Classic American Comfort,DAIRY,St. Mary Healthcare Nutrition Center,Summer,BREAKFAST,3,1459,524,552,5.3,0.0914,16.8,9.8,1
2025-06-05,Greek Yogurt & Fresh Berry Parfait,Classic American Comfort,DAIRY,St. Mary Healthcare Nutrition Center,Summer,BREAKFAST,3,2152,720,767,6.5,0.0703,17.7,18.5,1
2025-06-05,Tuscan Penne alla Vodka,Classic American Comfort,GRAINS_PASTA,North Academic Commons,Summer,BREAKFAST,3,1140,411,453,10.2,0.0996,14.3,16.9,1
2025-06-06,Steamed Seasonal Market Vegetables,Mediterranean Harvest,VEGETABLES,Central University Dining Hall,Summer,LUNCH,4,1443,509,594,16.7,0.1491,26.6,47.1,1
2025-06-06,Steamed Saffron Basmati Rice Pilaf,Mediterranean Harvest,GRAINS_PASTA,Executive Conference Pavilion,Summer,LUNCH,4,1713,598,682,14.0,0.1121,23.5,48.0,1
2025-06-06,Steamed Seasonal Market Vegetables,Mediterranean Harvest,VEGETABLES,Central University Dining Hall,Summer,LUNCH,4,1860,653,719,10.1,0.172,39.3,50.1,1
2025-06-07,Roasted Mediterranean Ratatouille,Asian Wok & Noodle Bar,VEGETABLES,North Academic Commons,Summer,DINNER,5,1557,586,606,3.4,0.2162,44.4,19.6,1
2025-06-07,Roasted Mediterranean Ratatouille,Asian Wok & Noodle Bar,VEGETABLES,North Academic Commons,Summer,DINNER,5,1937,665,736,10.7,0.1438,33.5,43.0,1
2025-06-07,Artisan Four-Cheese Beef Lasagna,Asian Wok & Noodle Bar,GRAINS_PASTA,St. Mary Healthcare Nutrition Center,Summer,DINNER,5,2159,785,864,10.1,0.0785,21.6,49.8,1
2025-06-08,Herb-Crusted Atlantic Salmon Fillet,Chef's Daily Carvery Special,MEAT_SEAFOOD,Executive Conference Pavilion,Summer,BANQUET,6,1394,493,533,8.1,0.0953,16.4,19.1,1
2025-06-08,Creamy Wild Mushroom Soup,Chef's Daily Carvery Special,PREPARED_SOUP,Central University Dining Hall,Summer,BANQUET,6,2047,661,701,6.1,0.1247,28.9,22.1,1
2025-06-08,Herb-Crusted Atlantic Salmon Fillet,Chef's Daily Carvery Special,MEAT_SEAFOOD,Executive Conference Pavilion,Summer,BANQUET,6,2147,749,815,8.8,0.029,7.6,26.7,1
2025-06-09,Braised Prime Beef Short Ribs,Global Plant-Forward Fusion,MEAT_SEAFOOD,St. Mary Healthcare Nutrition Center,Summer,LUNCH_DINNER_COMBO,0,1537,400,417,4.2,0.0896,12.5,6.4,1
2025-06-09,Garden Mixed Greens & Baby Spinach,Global Plant-Forward Fusion,VEGETABLES,North Academic Commons,Summer,LUNCH_DINNER_COMBO,0,1310,302,313,3.6,0.1715,18.1,6.9,1
2025-06-09,Braised Prime Beef Short Ribs,Global Plant-Forward Fusion,MEAT_SEAFOOD,St. Mary Healthcare Nutrition Center,Summer,LUNCH_DINNER_COMBO,0,944,206,225,9.2,0.0706,5.1,1.0,0
2025-06-10,Artisan Sourdough Rolls & Baguettes,Classic American Comfort,BAKERY,Executive Conference Pavilion,Summer,BREAKFAST,1,1530,587,634,8.0,0.1843,37.9,25.8,1
2025-06-10,Lemon Rosemary Grilled Chicken Breast,Classic American Comfort,MEAT_SEAFOOD,Central University Dining Hall,Summer,BREAKFAST,1,1768,596,623,4.5,0.044,9.2,13.7,1
2025-06-10,Lemon Rosemary Grilled Chicken Breast,Classic American Comfort,MEAT_SEAFOOD,Central University Dining Hall,Summer,BREAKFAST,1,1151,424,485,14.4,0.0833,12.4,27.7,1
2025-06-11,Greek Yogurt & Fresh Berry Parfait,Mediterranean Harvest,DAIRY,St. Mary Healthcare Nutrition Center,Summer,LUNCH,2,1692,656,721,9.9,0.0493,11.3,20.8,1
2025-06-11,Tuscan Penne alla Vodka,Mediterranean Harvest,GRAINS_PASTA,North Academic Commons,Summer,LUNCH,2,1821,606,644,6.3,0.1598,33.9,16.6,1
2025-06-11,Tuscan Penne alla Vodka,Mediterranean Harvest,GRAINS_PASTA,North Academic Commons,Summer,LUNCH,2,1909,679,707,4.1,0.073,17.4,5.1,1
2025-06-12,Steamed Saffron Basmati Rice Pilaf,Asian Wok & Noodle Bar,GRAINS_PASTA,Executive Conference Pavilion,Summer,DINNER,3,2010,740,776,4.9,0.1053,27.3,17.6,1
2025-06-12,Steamed Seasonal Market Vegetables,Asian Wok & Noodle Bar,VEGETABLES,Central University Dining Hall,Summer,DINNER,3,1582,549,603,9.8,0.1114,21.4,19.6,1
2025-06-12,Steamed Saffron Basmati Rice Pilaf,Asian Wok & Noodle Bar,GRAINS_PASTA,Executive Conference Pavilion,Summer,DINNER,3,1515,539,561,4.1,0.1322,24.9,13.0,1
2025-06-13,Artisan Four-Cheese Beef Lasagna,Chef's Daily Carvery Special,GRAINS_PASTA,St. Mary Healthcare Nutrition Center,Summer,BANQUET,4,2235,757,887,17.2,0.095,25.2,69.7,1
2025-06-13,Roasted Mediterranean Ratatouille,Chef's Daily Carvery Special,VEGETABLES,North Academic Commons,Summer,BANQUET,4,2222,794,980,23.4,0.1648,45.8,100.4,1
2025-06-13,Artisan Four-Cheese Beef Lasagna,Chef's Daily Carvery Special,GRAINS_PASTA,St. Mary Healthcare Nutrition Center,Summer,BANQUET,4,1479,530,605,14.2,0.0691,12.8,46.9,1
2025-06-14,Herb-Crusted Atlantic Salmon Fillet,Global Plant-Forward Fusion,MEAT_SEAFOOD,Executive Conference Pavilion,Summer,LUNCH_DINNER_COMBO,5,1413,314,339,8.0,0.0246,2.7,15.7,1
2025-06-14,Creamy Wild Mushroom Soup,Global Plant-Forward Fusion,PREPARED_SOUP,Central University Dining Hall,Summer,LUNCH_DINNER_COMBO,5,1615,427,455,6.6,0.0558,8.3,27.6,1
2025-06-14,Creamy Wild Mushroom Soup,Global Plant-Forward Fusion,PREPARED_SOUP,Central University Dining Hall,Summer,LUNCH_DINNER_COMBO,5,1799,460,504,9.6,0.0917,14.8,31.9,1
2025-06-15,Garden Mixed Greens & Baby Spinach,Classic American Comfort,VEGETABLES,North Academic Commons,Summer,BREAKFAST,6,2373,821,891,8.5,0.137,39.4,30.6,1
2025-06-15,Braised Prime Beef Short Ribs,Classic American Comfort,MEAT_SEAFOOD,St. Mary Healthcare Nutrition Center,Summer,BREAKFAST,6,1520,556,568,2.2,0.0328,6.4,4.6,1
2025-06-15,Garden Mixed Greens & Baby Spinach,Classic American Comfort,VEGETABLES,North Academic Commons,Summer,BREAKFAST,6,1771,594,613,3.2,0.1785,37.1,15.6,1
2025-06-16,Artisan Sourdough Rolls & Baguettes,Mediterranean Harvest,BAKERY,Executive Conference Pavilion,Summer,LUNCH,0,1853,659,689,4.6,0.1055,24.3,13.7,1
2025-06-16,Artisan Sourdough Rolls & Baguettes,Mediterranean Harvest,BAKERY,Executive Conference Pavilion,Summer,LUNCH,0,1585,518,532,2.7,0.1023,18.5,4.4,1
2025-06-16,Lemon Rosemary Grilled Chicken Breast,Mediterranean Harvest,MEAT_SEAFOOD,Central University Dining Hall,Summer,LUNCH,0,1560,513,528,2.9,0.1156,20.8,0.7,0
2025-06-17,Greek Yogurt & Fresh Berry Parfait,Asian Wok & Noodle Bar,DAIRY,St. Mary Healthcare Nutrition Center,Summer,DINNER,1,1637,524,564,7.6,0.1167,21.4,7.9,1
2025-06-17,Greek Yogurt & Fresh Berry Parfait,Asian Wok & Noodle Bar,DAIRY,St. Mary Healthcare Nutrition Center,Summer,DINNER,1,1948,674,700,3.9,0.0892,21.1,12.1,1
2025-06-17,Tuscan Penne alla Vodka,Asian Wok & Noodle Bar,GRAINS_PASTA,North Academic Commons,Summer,DINNER,1,721,251,259,3.2,0.1115,9.8,4.5,0
2025-06-18,Steamed Seasonal Market Vegetables,Chef's Daily Carvery Special,VEGETABLES,Central University Dining Hall,Summer,BANQUET,2,1045,384,428,11.5,0.1712,23.0,14.4,1
2025-06-18,Steamed Seasonal Market Vegetables,Chef's Daily Carvery Special,VEGETABLES,Central University Dining Hall,Summer,BANQUET,2,1997,695,795,14.4,0.1813,44.1,44.1,1
2025-06-18,Steamed Saffron Basmati Rice Pilaf,Chef's Daily Carvery Special,GRAINS_PASTA,Executive Conference Pavilion,Summer,BANQUET,2,1678,609,686,12.6,0.1768,37.7,30.9,1
2025-06-19,Roasted Mediterranean Ratatouille,Global Plant-Forward Fusion,VEGETABLES,North Academic Commons,Summer,LUNCH_DINNER_COMBO,3,1461,421,459,9.0,0.1118,16.5,9.9,1
2025-06-19,Artisan Four-Cheese Beef Lasagna,Global Plant-Forward Fusion,GRAINS_PASTA,St. Mary Healthcare Nutrition Center,Summer,LUNCH_DINNER_COMBO,3,1889,457,475,3.9,0.0463,7.4,11.5,1
2025-06-19,Roasted Mediterranean Ratatouille,Global Plant-Forward Fusion,VEGETABLES,North Academic Commons,Summer,LUNCH_DINNER_COMBO,3,1400,343,384,12.0,0.1279,15.4,14.0,1
2025-06-20,Herb-Crusted Atlantic Salmon Fillet,Classic American Comfort,MEAT_SEAFOOD,Executive Conference Pavilion,Summer,BREAKFAST,4,994,396,441,11.4,0.1195,16.6,34.3,1
2025-06-20,Herb-Crusted Atlantic Salmon Fillet,Classic American Comfort,MEAT_SEAFOOD,Executive Conference Pavilion,Summer,BREAKFAST,4,2126,766,937,22.3,0.0537,14.4,88.6,1
2025-06-20,Creamy Wild Mushroom Soup,Classic American Comfort,PREPARED_SOUP,Central University Dining Hall,Summer,BREAKFAST,4,2343,853,1018,19.3,0.0982,29.3,111.0,1
2025-06-21,Braised Prime Beef Short Ribs,Mediterranean Harvest,MEAT_SEAFOOD,St. Mary Healthcare Nutrition Center,Summer,LUNCH,5,1735,581,593,2.1,0.0595,12.1,12.5,1
2025-06-21,Braised Prime Beef Short Ribs,Mediterranean Harvest,MEAT_SEAFOOD,St. Mary Healthcare Nutrition Center,Summer,LUNCH,5,1569,544,562,3.3,0.038,7.2,12.0,1
2025-06-21,Garden Mixed Greens & Baby Spinach,Mediterranean Harvest,VEGETABLES,North Academic Commons,Summer,LUNCH,5,1632,553,609,10.1,0.1331,25.8,27.9,1
2025-06-22,Lemon Rosemary Grilled Chicken Breast,Asian Wok & Noodle Bar,MEAT_SEAFOOD,Central University Dining Hall,Summer,DINNER,6,1364,501,536,7.0,0.0361,6.3,21.5,1
2025-06-22,Lemon Rosemary Grilled Chicken Breast,Asian Wok & Noodle Bar,MEAT_SEAFOOD,Central University Dining Hall,Summer,DINNER,6,1400,504,523,3.8,0.0983,17.3,15.6,1
2025-06-22,Artisan Sourdough Rolls & Baguettes,Asian Wok & Noodle Bar,BAKERY,Executive Conference Pavilion,Summer,DINNER,6,2406,805,874,8.6,0.1644,46.3,27.3,1
2025-06-23,Greek Yogurt & Fresh Berry Parfait,Chef's Daily Carvery Special,DAIRY,St. Mary Healthcare Nutrition Center,Summer,BANQUET,0,1472,508,529,4.1,0.1035,18.4,0.3,0
2025-06-23,Tuscan Penne alla Vodka,Chef's Daily Carvery Special,GRAINS_PASTA,North Academic Commons,Summer,BANQUET,0,1468,476,532,11.8,0.1407,23.4,22.4,1
2025-06-23,Tuscan Penne alla Vodka,Chef's Daily Carvery Special,GRAINS_PASTA,North Academic Commons,Summer,BANQUET,0,1725,613,674,10.0,0.1304,28.0,17.9,1
2025-06-24,Steamed Seasonal Market Vegetables,Global Plant-Forward Fusion,VEGETABLES,Central University Dining Hall,Summer,LUNCH_DINNER_COMBO,1,1873,448,502,12.1,0.1358,21.3,29.2,1
2025-06-24,Steamed Saffron Basmati Rice Pilaf,Global Plant-Forward Fusion,GRAINS_PASTA,Executive Conference Pavilion,Summer,LUNCH_DINNER_COMBO,1,2061,520,564,8.5,0.142,25.9,6.6,1
2025-06-24,Steamed Saffron Basmati Rice Pilaf,Global Plant-Forward Fusion,GRAINS_PASTA,Executive Conference Pavilion,Summer,LUNCH_DINNER_COMBO,1,2402,647,717,10.8,0.1774,40.2,35.2,1
2025-06-25,Artisan Four-Cheese Beef Lasagna,Classic American Comfort,GRAINS_PASTA,St. Mary Healthcare Nutrition Center,Summer,BREAKFAST,2,948,319,344,7.8,0.0868,9.7,12.4,1
2025-06-25,Artisan Four-Cheese Beef Lasagna,Classic American Comfort,GRAINS_PASTA,St. Mary Healthcare Nutrition Center,Summer,BREAKFAST,2,1671,559,629,12.5,0.0541,10.6,28.8,1
2025-06-25,Roasted Mediterranean Ratatouille,Classic American Comfort,VEGETABLES,North Academic Commons,Summer,BREAKFAST,2,1665,607,681,12.2,0.119,25.3,32.0,1
2025-06-26,Creamy Wild Mushroom Soup,Mediterranean Harvest,PREPARED_SOUP,Central University Dining Hall,Summer,LUNCH,3,1604,531,584,10.0,0.1061,19.7,43.4,1
2025-06-26,Creamy Wild Mushroom Soup,Mediterranean Harvest,PREPARED_SOUP,Central University Dining Hall,Summer,LUNCH,3,2204,782,816,4.3,0.0862,23.6,16.2,1
2025-06-26,Herb-Crusted Atlantic Salmon Fillet,Mediterranean Harvest,MEAT_SEAFOOD,Executive Conference Pavilion,Summer,LUNCH,3,2018,728,784,7.7,0.0807,20.6,28.9,1
2025-06-27,Garden Mixed Greens & Baby Spinach,Asian Wok & Noodle Bar,VEGETABLES,North Academic Commons,Summer,DINNER,4,1674,613,772,25.9,0.1767,37.9,82.8,1
2025-06-27,Braised Prime Beef Short Ribs,Asian Wok & Noodle Bar,MEAT_SEAFOOD,St. Mary Healthcare Nutrition Center,Summer,DINNER,4,977,374,431,15.2,0.0829,10.9,41.8,1
2025-06-27,Garden Mixed Greens & Baby Spinach,Asian Wok & Noodle Bar,VEGETABLES,North Academic Commons,Summer,DINNER,4,1876,614,795,29.5,0.178,38.3,93.0,1
2025-06-28,Artisan Sourdough Rolls & Baguettes,Chef's Daily Carvery Special,BAKERY,Executive Conference Pavilion,Summer,BANQUET,5,1890,645,661,2.5,0.1363,30.8,16.9,1
2025-06-28,Artisan Sourdough Rolls & Baguettes,Chef's Daily Carvery Special,BAKERY,Executive Conference Pavilion,Summer,BANQUET,5,1170,372,416,11.8,0.1031,13.4,14.0,1
2025-06-28,Lemon Rosemary Grilled Chicken Breast,Chef's Daily Carvery Special,MEAT_SEAFOOD,Central University Dining Hall,Summer,BANQUET,5,1808,616,684,11.0,0.1302,28.1,39.2,1
2025-06-29,Greek Yogurt & Fresh Berry Parfait,Global Plant-Forward Fusion,DAIRY,St. Mary Healthcare Nutrition Center,Summer,LUNCH_DINNER_COMBO,6,2223,514,555,8.0,0.0728,13.1,11.3,1
2025-06-29,Greek Yogurt & Fresh Berry Parfait,Global Plant-Forward Fusion,DAIRY,St. Mary Healthcare Nutrition Center,Summer,LUNCH_DINNER_COMBO,6,1592,423,434,2.6,0.02,3.0,10.4,1
2025-06-29,Tuscan Penne alla Vodka,Global Plant-Forward Fusion,GRAINS_PASTA,North Academic Commons,Summer,LUNCH_DINNER_COMBO,6,1195,298,307,3.0,0.0881,9.2,7.6,1
2025-06-30,Steamed Saffron Basmati Rice Pilaf,Classic American Comfort,GRAINS_PASTA,Executive Conference Pavilion,Summer,BREAKFAST,0,1690,596,626,5.0,0.1131,23.6,11.9,1
2025-06-30,Steamed Seasonal Market Vegetables,Classic American Comfort,VEGETABLES,Central University Dining Hall,Summer,BREAKFAST,0,1524,509,552,8.4,0.1344,23.9,15.2,1
2025-06-30,Steamed Seasonal Market Vegetables,Classic American Comfort,VEGETABLES,Central University Dining Hall,Summer,BREAKFAST,0,1381,493,538,9.1,0.1697,29.3,17.2,1
2025-07-01,Roasted Mediterranean Ratatouille,Mediterranean Harvest,VEGETABLES,North Academic Commons,Summer,LUNCH,1,1582,549,599,9.1,0.1719,33.0,12.0,1
2025-07-01,Artisan Four-Cheese Beef Lasagna,Mediterranean Harvest,GRAINS_PASTA,St. Mary Healthcare Nutrition Center,Summer,LUNCH,1,1649,548,597,8.9,0.1069,20.5,21.2,1
2025-07-01,Roasted Mediterranean Ratatouille,Mediterranean Harvest,VEGETABLES,North Academic Commons,Summer,LUNCH,1,1443,514,540,5.1,0.1549,27.9,10.1,1
2025-07-02,Herb-Crusted Atlantic Salmon Fillet,Asian Wok & Noodle Bar,MEAT_SEAFOOD,Executive Conference Pavilion,Summer,DINNER,2,1473,487,558,14.6,0.1042,17.8,33.3,1
2025-07-02,Herb-Crusted Atlantic Salmon Fillet,Asian Wok & Noodle Bar,MEAT_SEAFOOD,Executive Conference Pavilion,Summer,DINNER,2,1007,377,400,6.1,0.0808,10.7,12.9,1
2025-07-02,Creamy Wild Mushroom Soup,Asian Wok & Noodle Bar,PREPARED_SOUP,Central University Dining Hall,Summer,DINNER,2,1473,497,560,12.7,0.1161,20.2,28.6,1
2025-07-03,Braised Prime Beef Short Ribs,Chef's Daily Carvery Special,MEAT_SEAFOOD,St. Mary Healthcare Nutrition Center,Summer,BANQUET,3,1352,434,446,2.8,0.0518,7.9,4.9,1
2025-07-03,Garden Mixed Greens & Baby Spinach,Chef's Daily Carvery Special,VEGETABLES,North Academic Commons,Summer,BANQUET,3,1871,675,697,3.3,0.1672,39.5,7.8,1
2025-07-03,Braised Prime Beef Short Ribs,Chef's Daily Carvery Special,MEAT_SEAFOOD,St. Mary Healthcare Nutrition Center,Summer,BANQUET,3,1982,637,691,8.5,0.0479,10.7,25.8,1
2025-07-04,Lemon Rosemary Grilled Chicken Breast,Global Plant-Forward Fusion,MEAT_SEAFOOD,Central University Dining Hall,Summer,LUNCH_DINNER_COMBO,4,1948,474,566,19.4,0.1095,18.2,56.6,1
2025-07-04,Artisan Sourdough Rolls & Baguettes,Global Plant-Forward Fusion,BAKERY,Executive Conference Pavilion,Summer,LUNCH_DINNER_COMBO,4,1199,320,413,29.1,0.1439,16.1,35.1,1
2025-07-04,Lemon Rosemary Grilled Chicken Breast,Global Plant-Forward Fusion,MEAT_SEAFOOD,Central University Dining Hall,Summer,LUNCH_DINNER_COMBO,4,2095,543,709,30.6,0.0945,18.0,83.1,1
2025-07-05,Tuscan Penne alla Vodka,Classic American Comfort,GRAINS_PASTA,North Academic Commons,Summer,BREAKFAST,5,1782,644,687,6.7,0.1467,33.1,29.0,1
2025-07-05,Tuscan Penne alla Vodka,Classic American Comfort,GRAINS_PASTA,North Academic Commons,Summer,BREAKFAST,5,1725,596,610,2.3,0.1179,24.6,22.7,1
2025-07-05,Greek Yogurt & Fresh Berry Parfait,Classic American Comfort,DAIRY,St. Mary Healthcare Nutrition Center,Summer,BREAKFAST,5,1967,696,748,7.5,0.08,19.5,30.7,1
2025-07-06,Steamed Saffron Basmati Rice Pilaf,Mediterranean Harvest,GRAINS_PASTA,Executive Conference Pavilion,Summer,LUNCH,6,1567,521,563,8.1,0.1277,23.3,18.0,1
2025-07-06,Steamed Saffron Basmati Rice Pilaf,Mediterranean Harvest,GRAINS_PASTA,Executive Conference Pavilion,Summer,LUNCH,6,1960,691,719,4.1,0.1202,29.1,16.4,1
2025-07-06,Steamed Seasonal Market Vegetables,Mediterranean Harvest,VEGETABLES,Central University Dining Hall,Summer,LUNCH,6,2469,870,927,6.6,0.1714,52.2,21.4,1
2025-07-07,Artisan Four-Cheese Beef Lasagna,Asian Wok & Noodle Bar,GRAINS_PASTA,St. Mary Healthcare Nutrition Center,Summer,DINNER,0,1747,612,634,3.6,0.0973,20.8,10.8,1
2025-07-07,Roasted Mediterranean Ratatouille,Asian Wok & Noodle Bar,VEGETABLES,North Academic Commons,Summer,DINNER,0,1710,610,665,9.0,0.1681,35.9,17.2,1
2025-07-07,Artisan Four-Cheese Beef Lasagna,Asian Wok & Noodle Bar,GRAINS_PASTA,St. Mary Healthcare Nutrition Center,Summer,DINNER,0,1359,472,526,11.4,0.039,6.4,17.8,1
2025-07-08,Creamy Wild Mushroom Soup,Chef's Daily Carvery Special,PREPARED_SOUP,Central University Dining Hall,Summer,BANQUET,1,1921,697,735,5.5,0.14,34.1,26.8,1
2025-07-08,Creamy Wild Mushroom Soup,Chef's Daily Carvery Special,PREPARED_SOUP,Central University Dining Hall,Summer,BANQUET,1,1920,680,738,8.5,0.057,13.6,10.2,1
2025-07-08,Herb-Crusted Atlantic Salmon Fillet,Chef's Daily Carvery Special,MEAT_SEAFOOD,Executive Conference Pavilion,Summer,BANQUET,1,1399,497,536,7.8,0.0822,14.3,13.4,1
2025-07-09,Garden Mixed Greens & Baby Spinach,Global Plant-Forward Fusion,VEGETABLES,North Academic Commons,Summer,LUNCH_DINNER_COMBO,2,1741,411,457,11.2,0.1993,28.7,22.8,1
2025-07-09,Braised Prime Beef Short Ribs,Global Plant-Forward Fusion,MEAT_SEAFOOD,St. Mary Healthcare Nutrition Center,Summer,LUNCH_DINNER_COMBO,2,1877,494,532,7.7,0.0381,6.6,13.5,1
2025-07-09,Garden Mixed Greens & Baby Spinach,Global Plant-Forward Fusion,VEGETABLES,North Academic Commons,Summer,LUNCH_DINNER_COMBO,2,1090,289,313,8.3,0.2,20.2,7.9,1
2025-07-10,Artisan Sourdough Rolls & Baguettes,Classic American Comfort,BAKERY,Executive Conference Pavilion,Summer,BREAKFAST,3,1183,431,451,4.6,0.1283,19.4,9.8,1
2025-07-10,Lemon Rosemary Grilled Chicken Breast,Classic American Comfort,MEAT_SEAFOOD,Central University Dining Hall,Summer,BREAKFAST,3,1097,351,370,5.4,0.02,2.5,3.9,0
2025-07-10,Artisan Sourdough Rolls & Baguettes,Classic American Comfort,BAKERY,Executive Conference Pavilion,Summer,BREAKFAST,3,1533,541,589,8.9,0.1491,28.2,10.4,1
2025-07-11,Greek Yogurt & Fresh Berry Parfait,Mediterranean Harvest,DAIRY,St. Mary Healthcare Nutrition Center,Summer,LUNCH,4,1362,498,559,12.2,0.0871,15.2,38.8,1
2025-07-11,Greek Yogurt & Fresh Berry Parfait,Mediterranean Harvest,DAIRY,St. Mary Healthcare Nutrition Center,Summer,LUNCH,4,1707,586,765,30.5,0.092,18.9,79.8,1
2025-07-11,Tuscan Penne alla Vodka,Mediterranean Harvest,GRAINS_PASTA,North Academic Commons,Summer,LUNCH,4,1966,659,867,31.6,0.1107,25.5,96.8,1
2025-07-12,Steamed Saffron Basmati Rice Pilaf,Asian Wok & Noodle Bar,GRAINS_PASTA,Executive Conference Pavilion,Summer,DINNER,5,1948,724,769,6.2,0.172,43.6,35.5,1
2025-07-12,Steamed Seasonal Market Vegetables,Asian Wok & Noodle Bar,VEGETABLES,Central University Dining Hall,Summer,DINNER,5,1823,609,645,5.9,0.1369,29.2,27.1,1
2025-07-12,Steamed Seasonal Market Vegetables,Asian Wok & Noodle Bar,VEGETABLES,Central University Dining Hall,Summer,DINNER,5,918,345,378,9.6,0.1858,22.4,27.1,1
2025-07-13,Roasted Mediterranean Ratatouille,Chef's Daily Carvery Special,VEGETABLES,North Academic Commons,Summer,BANQUET,6,1511,537,587,9.3,0.1831,34.4,22.0,1
2025-07-13,Artisan Four-Cheese Beef Lasagna,Chef's Daily Carvery Special,GRAINS_PASTA,St. Mary Healthcare Nutrition Center,Summer,BANQUET,6,1430,475,506,6.5,0.1248,20.8,8.0,1
2025-07-13,Roasted Mediterranean Ratatouille,Chef's Daily Carvery Special,VEGETABLES,North Academic Commons,Summer,BANQUET,6,1324,480,527,9.8,0.1074,18.0,6.4,1
2025-07-14,Creamy Wild Mushroom Soup,Global Plant-Forward Fusion,PREPARED_SOUP,Central University Dining Hall,Summer,LUNCH_DINNER_COMBO,0,893,226,244,8.0,0.1199,9.5,8.9,1
2025-07-14,Herb-Crusted Atlantic Salmon Fillet,Global Plant-Forward Fusion,MEAT_SEAFOOD,Executive Conference Pavilion,Summer,LUNCH_DINNER_COMBO,0,1935,481,515,7.1,0.0921,15.5,10.1,1
2025-07-14,Herb-Crusted Atlantic Salmon Fillet,Global Plant-Forward Fusion,MEAT_SEAFOOD,Executive Conference Pavilion,Summer,LUNCH_DINNER_COMBO,0,2016,473,521,10.1,0.1016,16.8,16.9,1
2025-07-15,Braised Prime Beef Short Ribs,Classic American Comfort,MEAT_SEAFOOD,St. Mary Healthcare Nutrition Center,Summer,BREAKFAST,1,1508,530,546,3.0,0.0291,5.4,12.4,1
2025-07-15,Garden Mixed Greens & Baby Spinach,Classic American Comfort,VEGETABLES,North Academic Commons,Summer,BREAKFAST,1,1816,600,618,3.0,0.1677,35.2,13.7,1
2025-07-15,Braised Prime Beef Short Ribs,Classic American Comfort,MEAT_SEAFOOD,St. Mary Healthcare Nutrition Center,Summer,BREAKFAST,1,1434,531,561,5.6,0.0497,9.2,6.5,1
2025-07-16,Artisan Sourdough Rolls & Baguettes,Mediterranean Harvest,BAKERY,Executive Conference Pavilion,Summer,LUNCH,2,1712,603,652,8.1,0.151,31.9,23.2,1
2025-07-16,Lemon Rosemary Grilled Chicken Breast,Mediterranean Harvest,MEAT_SEAFOOD,Central University Dining Hall,Summer,LUNCH,2,2061,687,728,6.0,0.0953,22.9,18.5,1
2025-07-16,Lemon Rosemary Grilled Chicken Breast,Mediterranean Harvest,MEAT_SEAFOOD,Central University Dining Hall,Summer,LUNCH,2,2158,734,790,7.6,0.0434,11.2,22.8,1
2025-07-17,Greek Yogurt & Fresh Berry Parfait,Asian Wok & Noodle Bar,DAIRY,St. Mary Healthcare Nutrition Center,Summer,DINNER,3,1078,413,426,3.1,0.1142,16.5,0.4,0
2025-07-17,Tuscan Penne alla Vodka,Asian Wok & Noodle Bar,GRAINS_PASTA,North Academic Commons,Summer,DINNER,3,1389,490,533,8.8,0.089,15.3,23.2,1
2025-07-17,Tuscan Penne alla Vodka,Asian Wok & Noodle Bar,GRAINS_PASTA,North Academic Commons,Summer,DINNER,3,1428,489,546,11.7,0.1379,23.6,25.8,1
2025-07-18,Steamed Seasonal Market Vegetables,Chef's Daily Carvery Special,VEGETABLES,Central University Dining Hall,Summer,BANQUET,4,1357,425,531,24.9,0.1942,28.9,52.9,1
2025-07-18,Steamed Saffron Basmati Rice Pilaf,Chef's Daily Carvery Special,GRAINS_PASTA,Executive Conference Pavilion,Summer,BANQUET,4,1549,538,705,31.0,0.1592,30.0,72.6,1
2025-07-18,Steamed Saffron Basmati Rice Pilaf,Chef's Daily Carvery Special,GRAINS_PASTA,Executive Conference Pavilion,Summer,BANQUET,4,1943,671,815,21.5,0.1164,27.3,75.1,1
2025-07-19,Roasted Mediterranean Ratatouille,Global Plant-Forward Fusion,VEGETABLES,North Academic Commons,Summer,LUNCH_DINNER_COMBO,5,2126,531,594,11.9,0.1489,27.7,38.7,1
2025-07-19,Artisan Four-Cheese Beef Lasagna,Global Plant-Forward Fusion,GRAINS_PASTA,St. Mary Healthcare Nutrition Center,Summer,LUNCH_DINNER_COMBO,5,1237,306,329,7.5,0.0225,2.4,22.6,1
2025-07-19,Artisan Four-Cheese Beef Lasagna,Global Plant-Forward Fusion,GRAINS_PASTA,St. Mary Healthcare Nutrition Center,Summer,LUNCH_DINNER_COMBO,5,1063,301,323,7.3,0.02,2.1,9.0,1
2025-07-20,Creamy Wild Mushroom Soup,Classic American Comfort,PREPARED_SOUP,Central University Dining Hall,Summer,BREAKFAST,6,873,299,318,6.4,0.068,7.1,1.9,0
2025-07-20,Herb-Crusted Atlantic Salmon Fillet,Classic American Comfort,MEAT_SEAFOOD,Executive Conference Pavilion,Summer,BREAKFAST,6,1679,588,650,10.5,0.0887,18.2,24.9,1
2025-07-20,Creamy Wild Mushroom Soup,Classic American Comfort,PREPARED_SOUP,Central University Dining Hall,Summer,BREAKFAST,6,1808,654,730,11.6,0.1124,25.7,33.4,1
2025-07-21,Braised Prime Beef Short Ribs,Mediterranean Harvest,MEAT_SEAFOOD,St. Mary Healthcare Nutrition Center,Summer,LUNCH,0,1419,483,533,10.4,0.0909,15.4,22.1,1
2025-07-21,Garden Mixed Greens & Baby Spinach,Mediterranean Harvest,VEGETABLES,North Academic Commons,Summer,LUNCH,0,1793,626,655,4.6,0.1515,33.2,16.9,1
2025-07-21,Garden Mixed Greens & Baby Spinach,Mediterranean Harvest,VEGETABLES,North Academic Commons,Summer,LUNCH,0,1398,511,534,4.5,0.1952,34.9,6.3,1
2025-07-22,Artisan Sourdough Rolls & Baguettes,Asian Wok & Noodle Bar,BAKERY,Executive Conference Pavilion,Summer,DINNER,1,1662,616,657,6.7,0.1954,42.1,12.7,1
2025-07-22,Lemon Rosemary Grilled Chicken Breast,Asian Wok & Noodle Bar,MEAT_SEAFOOD,Central University Dining Hall,Summer,DINNER,1,980,354,382,7.9,0.1176,14.6,12.8,1
2025-07-22,Artisan Sourdough Rolls & Baguettes,Asian Wok & Noodle Bar,BAKERY,Executive Conference Pavilion,Summer,DINNER,1,1513,472,504,6.8,0.139,23.0,16.1,1
2025-07-23,Greek Yogurt & Fresh Berry Parfait,Chef's Daily Carvery Special,DAIRY,St. Mary Healthcare Nutrition Center,Summer,BANQUET,2,1044,362,402,11.0,0.0852,10.8,13.1,1
2025-07-23,Tuscan Penne alla Vodka,Chef's Daily Carvery Special,GRAINS_PASTA,North Academic Commons,Summer,BANQUET,2,1920,653,747,14.4,0.1006,23.0,34.8,1
2025-07-23,Greek Yogurt & Fresh Berry Parfait,Chef's Daily Carvery Special,DAIRY,St. Mary Healthcare Nutrition Center,Summer,BANQUET,2,1362,486,543,11.7,0.0942,16.0,23.7,1
2025-07-24,Steamed Seasonal Market Vegetables,Global Plant-Forward Fusion,VEGETABLES,Central University Dining Hall,Summer,LUNCH_DINNER_COMBO,3,1389,355,382,7.6,0.2019,25.1,10.8,1
2025-07-24,Steamed Seasonal Market Vegetables,Global Plant-Forward Fusion,VEGETABLES,Central University Dining Hall,Summer,LUNCH_DINNER_COMBO,3,1725,432,464,7.4,0.1523,23.0,21.0,1
2025-07-24,Steamed Saffron Basmati Rice Pilaf,Global Plant-Forward Fusion,GRAINS_PASTA,Executive Conference Pavilion,Summer,LUNCH_DINNER_COMBO,3,1235,279,289,3.6,0.1185,11.6,2.8,0
2025-07-25,Roasted Mediterranean Ratatouille,Classic American Comfort,VEGETABLES,North Academic Commons,Summer,BREAKFAST,4,1622,579,714,23.3,0.1442,29.2,69.2,1
2025-07-25,Roasted Mediterranean Ratatouille,Classic American Comfort,VEGETABLES,North Academic Commons,Summer,BREAKFAST,4,1717,569,688,20.9,0.1532,30.5,60.7,1
2025-07-25,Artisan Four-Cheese Beef Lasagna,Classic American Comfort,GRAINS_PASTA,St. Mary Healthcare Nutrition Center,Summer,BREAKFAST,4,1711,610,744,22.0,0.056,11.9,67.0,1
2025-07-26,Herb-Crusted Atlantic Salmon Fillet,Mediterranean Harvest,MEAT_SEAFOOD,Executive Conference Pavilion,Summer,LUNCH,5,1354,457,494,8.1,0.1145,18.3,24.9,1
2025-07-26,Herb-Crusted Atlantic Salmon Fillet,Mediterranean Harvest,MEAT_SEAFOOD,Executive Conference Pavilion,Summer,LUNCH,5,920,321,359,11.8,0.0509,5.7,13.3,1
2025-07-26,Creamy Wild Mushroom Soup,Mediterranean Harvest,PREPARED_SOUP,Central University Dining Hall,Summer,LUNCH,5,1690,585,597,2.1,0.1671,34.2,22.4,1
2025-07-27,Garden Mixed Greens & Baby Spinach,Asian Wok & Noodle Bar,VEGETABLES,North Academic Commons,Summer,DINNER,6,1288,429,454,5.8,0.1361,20.4,16.8,1
2025-07-27,Braised Prime Beef Short Ribs,Asian Wok & Noodle Bar,MEAT_SEAFOOD,St. Mary Healthcare Nutrition Center,Summer,DINNER,6,1862,670,702,4.8,0.039,9.1,17.5,1
2025-07-27,Braised Prime Beef Short Ribs,Asian Wok & Noodle Bar,MEAT_SEAFOOD,St. Mary Healthcare Nutrition Center,Summer,DINNER,6,1276,429,460,7.2,0.0443,6.6,6.9,1
2025-07-28,Lemon Rosemary Grilled Chicken Breast,Chef's Daily Carvery Special,MEAT_SEAFOOD,Central University Dining Hall,Summer,BANQUET,0,1715,579,607,4.8,0.1121,22.7,16.8,1
2025-07-28,Lemon Rosemary Grilled Chicken Breast,Chef's Daily Carvery Special,MEAT_SEAFOOD,Central University Dining Hall,Summer,BANQUET,0,1364,484,524,8.3,0.1567,26.5,22.7,1
2025-07-28,Artisan Sourdough Rolls & Baguettes,Chef's Daily Carvery Special,BAKERY,Executive Conference Pavilion,Summer,BANQUET,0,1287,463,487,5.2,0.1934,31.3,11.8,1
2025-07-29,Tuscan Penne alla Vodka,Global Plant-Forward Fusion,GRAINS_PASTA,North Academic Commons,Summer,LUNCH_DINNER_COMBO,1,1342,326,340,4.3,0.1236,14.1,6.2,1
2025-07-29,Greek Yogurt & Fresh Berry Parfait,Global Plant-Forward Fusion,DAIRY,St. Mary Healthcare Nutrition Center,Summer,LUNCH_DINNER_COMBO,1,2055,517,538,4.1,0.0541,9.8,14.2,1
2025-07-29,Tuscan Penne alla Vodka,Global Plant-Forward Fusion,GRAINS_PASTA,North Academic Commons,Summer,LUNCH_DINNER_COMBO,1,1629,444,461,3.8,0.079,12.3,6.3,1
2025-07-30,Steamed Saffron Basmati Rice Pilaf,Classic American Comfort,GRAINS_PASTA,Executive Conference Pavilion,Summer,BREAKFAST,2,1937,733,775,5.7,0.1738,44.6,26.6,1
2025-07-30,Steamed Saffron Basmati Rice Pilaf,Classic American Comfort,GRAINS_PASTA,Executive Conference Pavilion,Summer,BREAKFAST,2,968,347,362,4.3,0.159,19.3,1.2,0
2025-07-30,Steamed Seasonal Market Vegetables,Classic American Comfort,VEGETABLES,Central University Dining Hall,Summer,BREAKFAST,2,1466,510,536,5.1,0.1767,31.5,13.0,1
2025-07-31,Artisan Four-Cheese Beef Lasagna,Mediterranean Harvest,GRAINS_PASTA,St. Mary Healthcare Nutrition Center,Summer,LUNCH,3,1599,570,604,6.0,0.0468,9.3,6.1,1
2025-07-31,Roasted Mediterranean Ratatouille,Mediterranean Harvest,VEGETABLES,North Academic Commons,Summer,LUNCH,3,1407,525,553,5.3,0.123,22.6,18.8,1
2025-07-31,Artisan Four-Cheese Beef Lasagna,Mediterranean Harvest,GRAINS_PASTA,St. Mary Healthcare Nutrition Center,Summer,LUNCH,3,1551,537,561,4.5,0.0864,16.2,5.3,1
2025-08-01,Creamy Wild Mushroom Soup,Asian Wok & Noodle Bar,PREPARED_SOUP,Central University Dining Hall,Summer,DINNER,4,1799,670,777,16.0,0.087,20.4,84.1,1
2025-08-01,Herb-Crusted Atlantic Salmon Fillet,Asian Wok & Noodle Bar,MEAT_SEAFOOD,Executive Conference Pavilion,Summer,DINNER,4,2013,716,798,11.5,0.0425,10.7,62.0,1
2025-08-01,Creamy Wild Mushroom Soup,Asian Wok & Noodle Bar,PREPARED_SOUP,Central University Dining Hall,Summer,DINNER,4,1407,505,635,25.7,0.0775,13.7,90.1,1
2025-08-02,Braised Prime Beef Short Ribs,Chef's Daily Carvery Special,MEAT_SEAFOOD,St. Mary Healthcare Nutrition Center,Summer,BANQUET,5,2062,729,803,10.2,0.0275,7.0,46.7,1
2025-08-02,Garden Mixed Greens & Baby Spinach,Chef's Daily Carvery Special,VEGETABLES,North Academic Commons,Summer,BANQUET,5,1244,377,398,5.6,0.1692,22.3,15.6,1
2025-08-02,Garden Mixed Greens & Baby Spinach,Chef's Daily Carvery Special,VEGETABLES,North Academic Commons,Summer,BANQUET,5,1530,516,568,10.1,0.181,32.7,26.9,1
2025-08-03,Artisan Sourdough Rolls & Baguettes,Global Plant-Forward Fusion,BAKERY,Executive Conference Pavilion,Summer,LUNCH_DINNER_COMBO,6,1129,275,303,10.2,0.1481,14.3,5.3,1
2025-08-03,Artisan Sourdough Rolls & Baguettes,Global Plant-Forward Fusion,BAKERY,Executive Conference Pavilion,Summer,LUNCH_DINNER_COMBO,6,1715,449,482,7.3,0.1148,18.0,20.4,1
2025-08-03,Lemon Rosemary Grilled Chicken Breast,Global Plant-Forward Fusion,MEAT_SEAFOOD,Central University Dining Hall,Summer,LUNCH_DINNER_COMBO,6,1384,328,344,4.9,0.1255,14.4,0.0,0
2025-08-04,Tuscan Penne alla Vodka,Classic American Comfort,GRAINS_PASTA,North Academic Commons,Summer,BREAKFAST,0,2091,719,767,6.7,0.126,31.7,23.3,1
2025-08-04,Greek Yogurt & Fresh Berry Parfait,Classic American Comfort,DAIRY,St. Mary Healthcare Nutrition Center,Summer,BREAKFAST,0,2281,791,812,2.7,0.1418,39.3,9.4,1
2025-08-04,Greek Yogurt & Fresh Berry Parfait,Classic American Comfort,DAIRY,St. Mary Healthcare Nutrition Center,Summer,BREAKFAST,0,1111,364,398,9.3,0.0665,8.5,16.4,1
2025-08-05,Steamed Saffron Basmati Rice Pilaf,Mediterranean Harvest,GRAINS_PASTA,Executive Conference Pavilion,Summer,LUNCH,1,2053,690,713,3.3,0.0967,23.4,6.6,1
2025-08-05,Steamed Seasonal Market Vegetables,Mediterranean Harvest,VEGETABLES,Central University Dining Hall,Summer,LUNCH,1,811,292,331,13.4,0.111,11.3,18.9,1
2025-08-05,Steamed Seasonal Market Vegetables,Mediterranean Harvest,VEGETABLES,Central University Dining Hall,Summer,LUNCH,1,1788,602,635,5.5,0.1326,27.9,16.0,1
2025-08-06,Roasted Mediterranean Ratatouille,Asian Wok & Noodle Bar,VEGETABLES,North Academic Commons,Summer,DINNER,2,1164,435,463,6.4,0.1046,15.9,15.5,1
2025-08-06,Artisan Four-Cheese Beef Lasagna,Asian Wok & Noodle Bar,GRAINS_PASTA,St. Mary Healthcare Nutrition Center,Summer,DINNER,2,1397,473,492,4.0,0.0285,4.7,10.6,1
2025-08-06,Roasted Mediterranean Ratatouille,Asian Wok & Noodle Bar,VEGETABLES,North Academic Commons,Summer,DINNER,2,1492,555,625,12.6,0.1036,20.1,31.0,1
2025-08-07,Creamy Wild Mushroom Soup,Chef's Daily Carvery Special,PREPARED_SOUP,Central University Dining Hall,Summer,BANQUET,3,1597,553,571,3.3,0.1342,26.0,14.0,1
2025-08-07,Herb-Crusted Atlantic Salmon Fillet,Chef's Daily Carvery Special,MEAT_SEAFOOD,Executive Conference Pavilion,Summer,BANQUET,3,1466,481,536,11.4,0.1254,21.1,25.6,1
2025-08-07,Herb-Crusted Atlantic Salmon Fillet,Chef's Daily Carvery Special,MEAT_SEAFOOD,Executive Conference Pavilion,Summer,BANQUET,3,2024,711,762,7.2,0.0575,14.3,19.2,1
2025-08-08,Braised Prime Beef Short Ribs,Global Plant-Forward Fusion,MEAT_SEAFOOD,St. Mary Healthcare Nutrition Center,Summer,LUNCH_DINNER_COMBO,4,1726,444,558,25.7,0.0775,12.0,58.6,1
2025-08-08,Garden Mixed Greens & Baby Spinach,Global Plant-Forward Fusion,VEGETABLES,North Academic Commons,Summer,LUNCH_DINNER_COMBO,4,1317,354,433,22.3,0.1837,22.8,48.2,1
2025-08-08,Braised Prime Beef Short Ribs,Global Plant-Forward Fusion,MEAT_SEAFOOD,St. Mary Healthcare Nutrition Center,Summer,LUNCH_DINNER_COMBO,4,1470,363,412,13.5,0.0496,6.3,28.6,1
2025-08-09,Lemon Rosemary Grilled Chicken Breast,Classic American Comfort,MEAT_SEAFOOD,Central University Dining Hall,Summer,BREAKFAST,5,957,347,368,6.1,0.1547,18.8,22.1,1
2025-08-09,Lemon Rosemary Grilled Chicken Breast,Classic American Comfort,MEAT_SEAFOOD,Central University Dining Hall,Summer,BREAKFAST,5,1613,556,588,5.8,0.1758,34.2,22.0,1
2025-08-09,Artisan Sourdough Rolls & Baguettes,Classic American Comfort,BAKERY,Executive Conference Pavilion,Summer,BREAKFAST,5,1215,388,425,9.5,0.1614,21.9,23.5,1
2025-08-10,Tuscan Penne alla Vodka,Mediterranean Harvest,GRAINS_PASTA,North Academic Commons,Summer,LUNCH,6,1237,448,466,4.0,0.1216,19.1,3.0,1
2025-08-10,Greek Yogurt & Fresh Berry Parfait,Mediterranean Harvest,DAIRY,St. Mary Healthcare Nutrition Center,Summer,LUNCH,6,2128,738,770,4.3,0.0399,10.3,14.0,1
2025-08-10,Tuscan Penne alla Vodka,Mediterranean Harvest,GRAINS_PASTA,North Academic Commons,Summer,LUNCH,6,1610,569,629,10.5,0.11,21.9,22.6,1
2025-08-11,Steamed Saffron Basmati Rice Pilaf,Asian Wok & Noodle Bar,GRAINS_PASTA,Executive Conference Pavilion,Summer,DINNER,0,1921,665,736,10.7,0.1471,34.2,23.7,1
2025-08-11,Steamed Saffron Basmati Rice Pilaf,Asian Wok & Noodle Bar,GRAINS_PASTA,Executive Conference Pavilion,Summer,DINNER,0,1289,442,477,7.9,0.087,13.5,15.4,1
2025-08-11,Steamed Seasonal Market Vegetables,Asian Wok & Noodle Bar,VEGETABLES,Central University Dining Hall,Summer,DINNER,0,954,311,347,11.6,0.1427,15.5,28.4,1
2025-08-12,Artisan Four-Cheese Beef Lasagna,Chef's Daily Carvery Special,GRAINS_PASTA,St. Mary Healthcare Nutrition Center,Summer,BANQUET,1,1520,510,559,9.6,0.0757,13.5,15.2,1
2025-08-12,Roasted Mediterranean Ratatouille,Chef's Daily Carvery Special,VEGETABLES,North Academic Commons,Summer,BANQUET,1,1511,566,638,12.7,0.1519,30.1,28.4,1
2025-08-12,Artisan Four-Cheese Beef Lasagna,Chef's Daily Carvery Special,GRAINS_PASTA,St. Mary Healthcare Nutrition Center,Summer,BANQUET,1,1517,501,558,11.4,0.0594,10.4,21.4,1
2025-08-13,Creamy Wild Mushroom Soup,Global Plant-Forward Fusion,PREPARED_SOUP,Central University Dining Hall,Summer,LUNCH_DINNER_COMBO,2,1240,319,356,11.6,0.0677,7.6,21.9,1
2025-08-13,Herb-Crusted Atlantic Salmon Fillet,Global Plant-Forward Fusion,MEAT_SEAFOOD,Executive Conference Pavilion,Summer,LUNCH_DINNER_COMBO,2,1462,390,439,12.6,0.0848,11.6,16.6,1
2025-08-13,Creamy Wild Mushroom Soup,Global Plant-Forward Fusion,PREPARED_SOUP,Central University Dining Hall,Summer,LUNCH_DINNER_COMBO,2,1980,506,529,4.5,0.1939,34.3,14.4,1
2025-08-14,Braised Prime Beef Short Ribs,Classic American Comfort,MEAT_SEAFOOD,St. Mary Healthcare Nutrition Center,Summer,BREAKFAST,3,1817,627,643,2.6,0.0928,20.4,0.1,0
2025-08-14,Garden Mixed Greens & Baby Spinach,Classic American Comfort,VEGETABLES,North Academic Commons,Summer,BREAKFAST,3,1785,561,580,3.4,0.1819,35.7,12.6,1
2025-08-14,Garden Mixed Greens & Baby Spinach,Classic American Comfort,VEGETABLES,North Academic Commons,Summer,BREAKFAST,3,1830,660,726,10.0,0.1853,42.8,20.2,1
2025-08-15,Lemon Rosemary Grilled Chicken Breast,Mediterranean Harvest,MEAT_SEAFOOD,Central University Dining Hall,Summer,LUNCH,4,2165,749,883,17.9,0.0559,14.7,74.6,1
2025-08-15,Artisan Sourdough Rolls & Baguettes,Mediterranean Harvest,BAKERY,Executive Conference Pavilion,Summer,LUNCH,4,2044,727,813,11.8,0.167,42.5,65.2,1
2025-08-15,Artisan Sourdough Rolls & Baguettes,Mediterranean Harvest,BAKERY,Executive Conference Pavilion,Summer,LUNCH,4,1619,579,760,31.3,0.0959,19.4,83.6,1
2025-08-16,Greek Yogurt & Fresh Berry Parfait,Asian Wok & Noodle Bar,DAIRY,St. Mary Healthcare Nutrition Center,Summer,DINNER,5,1702,602,627,4.2,0.0662,13.9,17.8,1
2025-08-16,Tuscan Penne alla Vodka,Asian Wok & Noodle Bar,GRAINS_PASTA,North Academic Commons,Summer,DINNER,5,2167,742,812,9.4,0.0821,21.3,48.5,1
2025-08-16,Greek Yogurt & Fresh Berry Parfait,Asian Wok & Noodle Bar,DAIRY,St. Mary Healthcare Nutrition Center,Summer,DINNER,5,1047,340,350,2.9,0.1288,15.3,10.7,1
2025-08-17,Steamed Saffron Basmati Rice Pilaf,Chef's Daily Carvery Special,GRAINS_PASTA,Executive Conference Pavilion,Summer,BANQUET,6,1569,562,600,6.8,0.1318,25.9,10.0,1
2025-08-17,Steamed Seasonal Market Vegetables,Chef's Daily Carvery Special,VEGETABLES,Central University Dining Hall,Summer,BANQUET,6,1525,571,586,2.6,0.1431,28.6,10.1,1
2025-08-17,Steamed Seasonal Market Vegetables,Chef's Daily Carvery Special,VEGETABLES,Central University Dining Hall,Summer,BANQUET,6,2192,770,825,7.1,0.1043,28.1,30.5,1
2025-08-18,Artisan Four-Cheese Beef Lasagna,Global Plant-Forward Fusion,GRAINS_PASTA,St. Mary Healthcare Nutrition Center,Summer,LUNCH_DINNER_COMBO,0,1896,448,466,4.0,0.0656,10.3,4.7,1
2025-08-18,Roasted Mediterranean Ratatouille,Global Plant-Forward Fusion,VEGETABLES,North Academic Commons,Summer,LUNCH_DINNER_COMBO,0,990,242,247,2.1,0.175,14.8,2.2,0
2025-08-18,Roasted Mediterranean Ratatouille,Global Plant-Forward Fusion,VEGETABLES,North Academic Commons,Summer,LUNCH_DINNER_COMBO,0,1352,345,354,2.6,0.1212,14.6,4.5,0
2025-08-19,Creamy Wild Mushroom Soup,Classic American Comfort,PREPARED_SOUP,Central University Dining Hall,Summer,BREAKFAST,1,1187,419,468,11.7,0.1656,24.3,17.0,1
2025-08-19,Herb-Crusted Atlantic Salmon Fillet,Classic American Comfort,MEAT_SEAFOOD,Executive Conference Pavilion,Summer,BREAKFAST,1,1802,642,709,10.4,0.0733,16.5,25.9,1
2025-08-19,Herb-Crusted Atlantic Salmon Fillet,Classic American Comfort,MEAT_SEAFOOD,Executive Conference Pavilion,Summer,BREAKFAST,1,1752,642,685,6.7,0.095,21.3,5.8,1
2025-08-20,Garden Mixed Greens & Baby Spinach,Mediterranean Harvest,VEGETABLES,North Academic Commons,Summer,LUNCH,2,1902,651,741,13.8,0.1859,42.4,34.0,1
2025-08-20,Braised Prime Beef Short Ribs,Mediterranean Harvest,MEAT_SEAFOOD,St. Mary Healthcare Nutrition Center,Summer,LUNCH,2,1792,649,685,5.5,0.0296,6.7,17.0,1
2025-08-20,Braised Prime Beef Short Ribs,Mediterranean Harvest,MEAT_SEAFOOD,St. Mary Healthcare Nutrition Center,Summer,LUNCH,2,1526,530,558,5.3,0.0897,16.6,16.1,1
2025-08-21,Artisan Sourdough Rolls & Baguettes,Asian Wok & Noodle Bar,BAKERY,Executive Conference Pavilion,Summer,DINNER,3,1732,636,674,6.0,0.1849,41.2,18.0,1
2025-08-21,Lemon Rosemary Grilled Chicken Breast,Asian Wok & Noodle Bar,MEAT_SEAFOOD,Central University Dining Hall,Summer,DINNER,3,1698,527,563,6.8,0.0434,8.0,8.6,1
2025-08-21,Lemon Rosemary Grilled Chicken Breast,Asian Wok & Noodle Bar,MEAT_SEAFOOD,Central University Dining Hall,Summer,DINNER,3,1789,645,708,9.8,0.0891,20.1,24.8,1
2025-08-22,Tuscan Penne alla Vodka,Chef's Daily Carvery Special,GRAINS_PASTA,North Academic Commons,Summer,BANQUET,4,1594,579,654,13.0,0.0861,17.4,57.5,1
2025-08-22,Greek Yogurt & Fresh Berry Parfait,Chef's Daily Carvery Special,DAIRY,St. Mary Healthcare Nutrition Center,Summer,BANQUET,4,1470,516,664,28.7,0.0857,15.5,70.5,1
2025-08-22,Tuscan Penne alla Vodka,Chef's Daily Carvery Special,GRAINS_PASTA,North Academic Commons,Summer,BANQUET,4,1458,525,635,21.0,0.1228,22.6,56.1,1
2025-08-23,Steamed Seasonal Market Vegetables,Global Plant-Forward Fusion,VEGETABLES,Central University Dining Hall,Summer,LUNCH_DINNER_COMBO,5,1780,424,455,7.3,0.125,18.5,19.3,1
2025-08-23,Steamed Saffron Basmati Rice Pilaf,Global Plant-Forward Fusion,GRAINS_PASTA,Executive Conference Pavilion,Summer,LUNCH_DINNER_COMBO,5,1501,340,349,2.6,0.1258,15.0,13.2,1
2025-08-23,Steamed Saffron Basmati Rice Pilaf,Global Plant-Forward Fusion,GRAINS_PASTA,Executive Conference Pavilion,Summer,LUNCH_DINNER_COMBO,5,1594,412,425,3.2,0.0712,10.3,3.7,1
2025-08-24,Artisan Four-Cheese Beef Lasagna,Classic American Comfort,GRAINS_PASTA,St. Mary Healthcare Nutrition Center,Summer,BREAKFAST,6,1585,583,622,6.7,0.0441,9.0,21.1,1
2025-08-24,Artisan Four-Cheese Beef Lasagna,Classic American Comfort,GRAINS_PASTA,St. Mary Healthcare Nutrition Center,Summer,BREAKFAST,6,1515,560,595,6.2,0.0844,16.5,17.8,1
2025-08-24,Roasted Mediterranean Ratatouille,Classic American Comfort,VEGETABLES,North Academic Commons,Summer,BREAKFAST,6,943,340,362,6.5,0.1664,19.8,10.2,1
2025-08-25,Herb-Crusted Atlantic Salmon Fillet,Mediterranean Harvest,MEAT_SEAFOOD,Executive Conference Pavilion,Summer,LUNCH,0,1387,494,519,5.1,0.1545,26.7,4.1,1
2025-08-25,Creamy Wild Mushroom Soup,Mediterranean Harvest,PREPARED_SOUP,Central University Dining Hall,Summer,LUNCH,0,2114,734,814,10.9,0.1543,39.6,42.9,1
2025-08-25,Creamy Wild Mushroom Soup,Mediterranean Harvest,PREPARED_SOUP,Central University Dining Hall,Summer,LUNCH,0,1592,574,612,6.6,0.1375,27.6,15.2,1
2025-08-26,Garden Mixed Greens & Baby Spinach,Asian Wok & Noodle Bar,VEGETABLES,North Academic Commons,Summer,DINNER,1,1457,507,561,10.7,0.2076,36.8,17.6,1
2025-08-26,Garden Mixed Greens & Baby Spinach,Asian Wok & Noodle Bar,VEGETABLES,North Academic Commons,Summer,DINNER,1,1677,599,671,12.0,0.179,37.5,16.1,1
2025-08-26,Braised Prime Beef Short Ribs,Asian Wok & Noodle Bar,MEAT_SEAFOOD,St. Mary Healthcare Nutrition Center,Summer,DINNER,1,1721,638,731,14.6,0.02,4.5,32.5,1
2025-08-27,Lemon Rosemary Grilled Chicken Breast,Chef's Daily Carvery Special,MEAT_SEAFOOD,Central University Dining Hall,Summer,BANQUET,2,1777,658,693,5.3,0.1235,28.4,8.0,1
2025-08-27,Artisan Sourdough Rolls & Baguettes,Chef's Daily Carvery Special,BAKERY,Executive Conference Pavilion,Summer,BANQUET,2,1655,608,641,5.4,0.1155,24.6,18.4,1
2025-08-27,Artisan Sourdough Rolls & Baguettes,Chef's Daily Carvery Special,BAKERY,Executive Conference Pavilion,Summer,BANQUET,2,2055,758,787,3.8,0.1143,30.3,14.2,1
2025-08-28,Greek Yogurt & Fresh Berry Parfait,Global Plant-Forward Fusion,DAIRY,St. Mary Healthcare Nutrition Center,Summer,LUNCH_DINNER_COMBO,3,1615,413,427,3.4,0.0777,11.2,6.8,1
2025-08-28,Greek Yogurt & Fresh Berry Parfait,Global Plant-Forward Fusion,DAIRY,St. Mary Healthcare Nutrition Center,Summer,LUNCH_DINNER_COMBO,3,2202,544,559,2.8,0.0927,17.7,10.5,1
2025-08-28,Tuscan Penne alla Vodka,Global Plant-Forward Fusion,GRAINS_PASTA,North Academic Commons,Summer,LUNCH_DINNER_COMBO,3,2475,567,608,7.2,0.1207,24.0,13.7,1
2025-08-29,Steamed Saffron Basmati Rice Pilaf,Classic American Comfort,GRAINS_PASTA,Executive Conference Pavilion,Summer,BREAKFAST,4,2273,776,928,19.6,0.1433,38.9,92.5,1
2025-08-29,Steamed Seasonal Market Vegetables,Classic American Comfort,VEGETABLES,Central University Dining Hall,Summer,BREAKFAST,4,2157,757,907,19.8,0.1755,46.5,73.4,1
2025-08-29,Steamed Seasonal Market Vegetables,Classic American Comfort,VEGETABLES,Central University Dining Hall,Summer,BREAKFAST,4,1128,370,435,17.6,0.1804,23.4,31.5,1
2025-08-30,Artisan Four-Cheese Beef Lasagna,Mediterranean Harvest,GRAINS_PASTA,St. Mary Healthcare Nutrition Center,Summer,LUNCH,5,1531,535,563,5.2,0.0946,17.7,32.3,1
2025-08-30,Roasted Mediterranean Ratatouille,Mediterranean Harvest,VEGETABLES,North Academic Commons,Summer,LUNCH,5,1447,513,562,9.6,0.1188,21.3,23.4,1
2025-08-30,Roasted Mediterranean Ratatouille,Mediterranean Harvest,VEGETABLES,North Academic Commons,Summer,LUNCH,5,1165,420,445,6.0,0.1865,27.4,20.7,1
2025-08-31,Creamy Wild Mushroom Soup,Asian Wok & Noodle Bar,PREPARED_SOUP,Central University Dining Hall,Summer,DINNER,6,2175,770,823,6.9,0.1917,51.7,25.1,1
2025-08-31,Herb-Crusted Atlantic Salmon Fillet,Asian Wok & Noodle Bar,MEAT_SEAFOOD,Executive Conference Pavilion,Summer,DINNER,6,1102,423,440,4.0,0.0884,13.1,13.6,1
2025-08-31,Herb-Crusted Atlantic Salmon Fillet,Asian Wok & Noodle Bar,MEAT_SEAFOOD,Executive Conference Pavilion,Summer,DINNER,6,982,387,415,7.2,0.0948,12.8,15.8,1
2025-09-01,Garden Mixed Greens & Baby Spinach,Chef's Daily Carvery Special,VEGETABLES,North Academic Commons,Fall,BANQUET,0,1041,345,356,3.2,0.1762,21.3,9.1,1
2025-09-01,Braised Prime Beef Short Ribs,Chef's Daily Carvery Special,MEAT_SEAFOOD,St. Mary Healthcare Nutrition Center,Fall,BANQUET,0,2028,695,776,11.7,0.0612,14.9,34.7,1
2025-09-01,Braised Prime Beef Short Ribs,Chef's Daily Carvery Special,MEAT_SEAFOOD,St. Mary Healthcare Nutrition Center,Fall,BANQUET,0,1828,650,685,5.4,0.0598,13.6,19.7,1
2025-09-02,Lemon Rosemary Grilled Chicken Breast,Global Plant-Forward Fusion,MEAT_SEAFOOD,Central University Dining Hall,Fall,LUNCH_DINNER_COMBO,1,1619,411,452,10.0,0.1124,16.2,12.1,1
2025-09-02,Artisan Sourdough Rolls & Baguettes,Global Plant-Forward Fusion,BAKERY,Executive Conference Pavilion,Fall,LUNCH_DINNER_COMBO,1,1607,366,411,12.3,0.1535,19.7,21.6,1
2025-09-02,Lemon Rosemary Grilled Chicken Breast,Global Plant-Forward Fusion,MEAT_SEAFOOD,Central University Dining Hall,Fall,LUNCH_DINNER_COMBO,1,1324,336,385,14.6,0.1175,13.8,15.6,1
2025-09-03,Tuscan Penne alla Vodka,Classic American Comfort,GRAINS_PASTA,North Academic Commons,Fall,BREAKFAST,2,2175,789,903,14.4,0.1053,29.1,38.1,1
2025-09-03,Tuscan Penne alla Vodka,Classic American Comfort,GRAINS_PASTA,North Academic Commons,Fall,BREAKFAST,2,1725,617,652,5.7,0.1037,22.4,18.1,1
2025-09-03,Greek Yogurt & Fresh Berry Parfait,Classic American Comfort,DAIRY,St. Mary Healthcare Nutrition Center,Fall,BREAKFAST,2,1525,520,538,3.5,0.0426,7.7,0.0,0
2025-09-04,Steamed Seasonal Market Vegetables,Mediterranean Harvest,VEGETABLES,Central University Dining Hall,Fall,LUNCH,3,951,352,370,5.1,0.1517,18.7,12.4,1
2025-09-04,Steamed Saffron Basmati Rice Pilaf,Mediterranean Harvest,GRAINS_PASTA,Executive Conference Pavilion,Fall,LUNCH,3,2319,784,874,11.5,0.1155,31.7,35.8,1
2025-09-04,Steamed Saffron Basmati Rice Pilaf,Mediterranean Harvest,GRAINS_PASTA,Executive Conference Pavilion,Fall,LUNCH,3,1981,752,801,6.5,0.1318,34.7,27.4,1
2025-09-05,Roasted Mediterranean Ratatouille,Asian Wok & Noodle Bar,VEGETABLES,North Academic Commons,Fall,DINNER,4,1485,526,660,25.5,0.1705,31.4,60.7,1
2025-09-05,Artisan Four-Cheese Beef Lasagna,Asian Wok & Noodle Bar,GRAINS_PASTA,St. Mary Healthcare Nutrition Center,Fall,DINNER,4,854,271,301,11.1,0.0657,6.2,21.9,1
2025-09-05,Artisan Four-Cheese Beef Lasagna,Asian Wok & Noodle Bar,GRAINS_PASTA,St. Mary Healthcare Nutrition Center,Fall,DINNER,4,1542,506,647,27.9,0.0974,17.2,69.1,1
2025-09-06,Creamy Wild Mushroom Soup,Chef's Daily Carvery Special,PREPARED_SOUP,Central University Dining Hall,Fall,BANQUET,5,1393,498,536,7.6,0.0953,16.6,35.2,1
2025-09-06,Creamy Wild Mushroom Soup,Chef's Daily Carvery Special,PREPARED_SOUP,Central University Dining Hall,Fall,BANQUET,5,1512,569,628,10.4,0.1467,29.2,36.4,1
2025-09-06,Herb-Crusted Atlantic Salmon Fillet,Chef's Daily Carvery Special,MEAT_SEAFOOD,Executive Conference Pavilion,Fall,BANQUET,5,1197,347,380,9.5,0.0511,6.2,26.3,1
2025-09-07,Garden Mixed Greens & Baby Spinach,Global Plant-Forward Fusion,VEGETABLES,North Academic Commons,Fall,LUNCH_DINNER_COMBO,6,1476,362,391,8.0,0.1698,21.5,13.7,1
2025-09-07,Garden Mixed Greens & Baby Spinach,Global Plant-Forward Fusion,VEGETABLES,North Academic Commons,Fall,LUNCH_DINNER_COMBO,6,1776,452,503,11.3,0.1809,28.6,16.8,1
2025-09-07,Braised Prime Beef Short Ribs,Global Plant-Forward Fusion,MEAT_SEAFOOD,St. Mary Healthcare Nutrition Center,Fall,LUNCH_DINNER_COMBO,6,1589,420,439,4.5,0.1261,18.5,4.0,0
2025-09-08,Lemon Rosemary Grilled Chicken Breast,Classic American Comfort,MEAT_SEAFOOD,Central University Dining Hall,Fall,BREAKFAST,0,1845,716,737,2.9,0.1311,32.9,19.5,1
2025-09-08,Artisan Sourdough Rolls & Baguettes,Classic American Comfort,BAKERY,Executive Conference Pavilion,Fall,BREAKFAST,0,1215,470,492,4.7,0.1679,27.6,14.2,1
2025-09-08,Artisan Sourdough Rolls & Baguettes,Classic American Comfort,BAKERY,Executive Conference Pavilion,Fall,BREAKFAST,0,1414,509,545,7.1,0.1648,29.4,14.3,1
2025-09-09,Greek Yogurt & Fresh Berry Parfait,Mediterranean Harvest,DAIRY,St. Mary Healthcare Nutrition Center,Fall,LUNCH,1,1486,535,606,13.3,0.1443,27.0,24.5,1
2025-09-09,Greek Yogurt & Fresh Berry Parfait,Mediterranean Harvest,DAIRY,St. Mary Healthcare Nutrition Center,Fall,LUNCH,1,1976,644,707,9.8,0.0924,20.8,21.3,1
2025-09-09,Tuscan Penne alla Vodka,Mediterranean Harvest,GRAINS_PASTA,North Academic Commons,Fall,LUNCH,1,1410,496,518,4.4,0.1313,22.8,3.7,0
2025-09-10,Steamed Seasonal Market Vegetables,Asian Wok & Noodle Bar,VEGETABLES,Central University Dining Hall,Fall,DINNER,2,1337,476,530,11.3,0.1796,29.9,21.3,1
2025-09-10,Steamed Saffron Basmati Rice Pilaf,Asian Wok & Noodle Bar,GRAINS_PASTA,Executive Conference Pavilion,Fall,DINNER,2,1936,671,743,10.7,0.1375,32.3,23.2,1
2025-09-10,Steamed Seasonal Market Vegetables,Asian Wok & Noodle Bar,VEGETABLES,Central University Dining Hall,Fall,DINNER,2,2051,734,770,4.9,0.1525,39.2,17.3,1
2025-09-11,Artisan Four-Cheese Beef Lasagna,Chef's Daily Carvery Special,GRAINS_PASTA,St. Mary Healthcare Nutrition Center,Fall,BANQUET,3,1331,484,508,5.0,0.1038,17.6,7.5,1
2025-09-11,Roasted Mediterranean Ratatouille,Chef's Daily Carvery Special,VEGETABLES,North Academic Commons,Fall,BANQUET,3,1275,478,497,4.0,0.1273,21.3,1.8,0
2025-09-11,Roasted Mediterranean Ratatouille,Chef's Daily Carvery Special,VEGETABLES,North Academic Commons,Fall,BANQUET,3,1268,455,479,5.3,0.1364,21.7,6.0,1
2025-09-12,Creamy Wild Mushroom Soup,Global Plant-Forward Fusion,PREPARED_SOUP,Central University Dining Hall,Fall,LUNCH_DINNER_COMBO,4,1061,261,323,23.8,0.1172,10.7,39.8,1
2025-09-12,Herb-Crusted Atlantic Salmon Fillet,Global Plant-Forward Fusion,MEAT_SEAFOOD,Executive Conference Pavilion,Fall,LUNCH_DINNER_COMBO,4,1902,407,474,16.5,0.0666,9.5,48.1,1
2025-09-12,Herb-Crusted Atlantic Salmon Fillet,Global Plant-Forward Fusion,MEAT_SEAFOOD,Executive Conference Pavilion,Fall,LUNCH_DINNER_COMBO,4,1181,306,361,18.0,0.0883,9.5,22.9,1
2025-09-13,Garden Mixed Greens & Baby Spinach,Classic American Comfort,VEGETABLES,North Academic Commons,Fall,BREAKFAST,5,1563,539,591,9.6,0.1692,31.9,20.1,1
2025-09-13,Braised Prime Beef Short Ribs,Classic American Comfort,MEAT_SEAFOOD,St. Mary Healthcare Nutrition Center,Fall,BREAKFAST,5,1212,412,456,10.7,0.0354,5.1,16.2,1
2025-09-13,Braised Prime Beef Short Ribs,Classic American Comfort,MEAT_SEAFOOD,St. Mary Healthcare Nutrition Center,Fall,BREAKFAST,5,1567,535,580,8.4,0.0674,12.6,26.7,1
2025-09-14,Lemon Rosemary Grilled Chicken Breast,Mediterranean Harvest,MEAT_SEAFOOD,Central University Dining Hall,Fall,LUNCH,6,1678,610,646,5.9,0.1404,30.0,20.6,1
2025-09-14,Artisan Sourdough Rolls & Baguettes,Mediterranean Harvest,BAKERY,Executive Conference Pavilion,Fall,LUNCH,6,2058,714,791,10.8,0.1524,38.1,33.4,1
2025-09-14,Lemon Rosemary Grilled Chicken Breast,Mediterranean Harvest,MEAT_SEAFOOD,Central University Dining Hall,Fall,LUNCH,6,1927,693,713,2.9,0.0428,10.4,11.1,1
2025-09-15,Tuscan Penne alla Vodka,Asian Wok & Noodle Bar,GRAINS_PASTA,North Academic Commons,Fall,DINNER,0,1399,494,528,6.9,0.0849,14.7,17.2,1
2025-09-15,Tuscan Penne alla Vodka,Asian Wok & Noodle Bar,GRAINS_PASTA,North Academic Commons,Fall,DINNER,0,1428,497,554,11.5,0.0767,13.3,21.6,1
2025-09-15,Greek Yogurt & Fresh Berry Parfait,Asian Wok & Noodle Bar,DAIRY,St. Mary Healthcare Nutrition Center,Fall,DINNER,0,1866,648,722,11.4,0.0949,21.5,35.0,1
2025-09-16,Steamed Saffron Basmati Rice Pilaf,Chef's Daily Carvery Special,GRAINS_PASTA,Executive Conference Pavilion,Fall,BANQUET,1,2139,798,876,9.8,0.1789,50.0,24.9,1
2025-09-16,Steamed Seasonal Market Vegetables,Chef's Daily Carvery Special,VEGETABLES,Central University Dining Hall,Fall,BANQUET,1,1560,551,589,6.9,0.1905,36.7,12.9,1
2025-09-16,Steamed Saffron Basmati Rice Pilaf,Chef's Daily Carvery Special,GRAINS_PASTA,Executive Conference Pavilion,Fall,BANQUET,1,1419,473,511,8.0,0.0966,16.0,20.8,1
2025-09-17,Artisan Four-Cheese Beef Lasagna,Global Plant-Forward Fusion,GRAINS_PASTA,St. Mary Healthcare Nutrition Center,Fall,LUNCH_DINNER_COMBO,2,1662,393,436,10.9,0.0524,7.2,12.9,1
2025-09-17,Artisan Four-Cheese Beef Lasagna,Global Plant-Forward Fusion,GRAINS_PASTA,St. Mary Healthcare Nutrition Center,Fall,LUNCH_DINNER_COMBO,2,1889,472,491,4.0,0.1094,18.1,9.4,1
2025-09-17,Roasted Mediterranean Ratatouille,Global Plant-Forward Fusion,VEGETABLES,North Academic Commons,Fall,LUNCH_DINNER_COMBO,2,1883,466,496,6.4,0.1213,19.8,7.5,1
2025-09-18,Creamy Wild Mushroom Soup,Classic American Comfort,PREPARED_SOUP,Central University Dining Hall,Fall,BREAKFAST,3,1843,668,734,9.9,0.0368,8.6,26.7,1
2025-09-18,Creamy Wild Mushroom Soup,Classic American Comfort,PREPARED_SOUP,Central University Dining Hall,Fall,BREAKFAST,3,1204,400,446,11.5,0.1176,16.5,17.0,1
2025-09-18,Herb-Crusted Atlantic Salmon Fillet,Classic American Comfort,MEAT_SEAFOOD,Executive Conference Pavilion,Fall,BREAKFAST,3,1578,558,614,10.0,0.1116,21.8,21.6,1
2025-09-19,Garden Mixed Greens & Baby Spinach,Mediterranean Harvest,VEGETABLES,North Academic Commons,Fall,LUNCH,4,2015,676,807,19.4,0.1723,40.8,74.3,1
2025-09-19,Braised Prime Beef Short Ribs,Mediterranean Harvest,MEAT_SEAFOOD,St. Mary Healthcare Nutrition Center,Fall,LUNCH,4,1216,410,506,23.4,0.1025,14.7,40.8,1
2025-09-19,Garden Mixed Greens & Baby Spinach,Mediterranean Harvest,VEGETABLES,North Academic Commons,Fall,LUNCH,4,1289,430,494,14.9,0.1759,26.5,33.4,1
2025-09-20,Lemon Rosemary Grilled Chicken Breast,Asian Wok & Noodle Bar,MEAT_SEAFOOD,Central University Dining Hall,Fall,DINNER,5,1515,482,500,3.7,0.0553,9.3,26.4,1
2025-09-20,Artisan Sourdough Rolls & Baguettes,Asian Wok & Noodle Bar,BAKERY,Executive Conference Pavilion,Fall,DINNER,5,1241,480,520,8.3,0.1395,23.4,25.4,1
2025-09-20,Artisan Sourdough Rolls & Baguettes,Asian Wok & Noodle Bar,BAKERY,Executive Conference Pavilion,Fall,DINNER,5,2111,731,795,8.8,0.1719,44.0,38.1,1
2025-09-21,Tuscan Penne alla Vodka,Chef's Daily Carvery Special,GRAINS_PASTA,North Academic Commons,Fall,BANQUET,6,1377,524,556,6.1,0.14,25.7,19.3,1
2025-09-21,Greek Yogurt & Fresh Berry Parfait,Chef's Daily Carvery Special,DAIRY,St. Mary Healthcare Nutrition Center,Fall,BANQUET,6,1493,552,595,7.8,0.0319,6.2,18.5,1
2025-09-21,Greek Yogurt & Fresh Berry Parfait,Chef's Daily Carvery Special,DAIRY,St. Mary Healthcare Nutrition Center,Fall,BANQUET,6,1480,523,550,5.2,0.1338,24.5,6.9,1
2025-09-22,Steamed Seasonal Market Vegetables,Global Plant-Forward Fusion,VEGETABLES,Central University Dining Hall,Fall,LUNCH_DINNER_COMBO,0,2210,573,631,10.1,0.1281,25.7,16.1,1
2025-09-22,Steamed Saffron Basmati Rice Pilaf,Global Plant-Forward Fusion,GRAINS_PASTA,Executive Conference Pavilion,Fall,LUNCH_DINNER_COMBO,0,1514,378,412,9.0,0.1215,16.1,13.3,1
2025-09-22,Steamed Seasonal Market Vegetables,Global Plant-Forward Fusion,VEGETABLES,Central University Dining Hall,Fall,LUNCH_DINNER_COMBO,0,1649,368,386,4.9,0.191,24.6,8.8,1
2025-09-23,Artisan Four-Cheese Beef Lasagna,Classic American Comfort,GRAINS_PASTA,St. Mary Healthcare Nutrition Center,Fall,BREAKFAST,1,1585,556,633,13.8,0.02,3.9,27.2,1
2025-09-23,Roasted Mediterranean Ratatouille,Classic American Comfort,VEGETABLES,North Academic Commons,Fall,BREAKFAST,1,1740,604,657,8.8,0.1817,38.4,23.2,1
2025-09-23,Roasted Mediterranean Ratatouille,Classic American Comfort,VEGETABLES,North Academic Commons,Fall,BREAKFAST,1,1622,533,555,4.1,0.0932,17.4,17.8,1
2025-09-24,Herb-Crusted Atlantic Salmon Fillet,Mediterranean Harvest,MEAT_SEAFOOD,Executive Conference Pavilion,Fall,LUNCH,2,2188,743,771,3.8,0.1222,31.8,11.1,1
2025-09-24,Herb-Crusted Atlantic Salmon Fillet,Mediterranean Harvest,MEAT_SEAFOOD,Executive Conference Pavilion,Fall,LUNCH,2,2181,751,843,12.3,0.0906,23.8,40.2,1
2025-09-24,Creamy Wild Mushroom Soup,Mediterranean Harvest,PREPARED_SOUP,Central University Dining Hall,Fall,LUNCH,2,1733,614,666,8.5,0.0493,10.6,28.3,1
2025-09-25,Braised Prime Beef Short Ribs,Asian Wok & Noodle Bar,MEAT_SEAFOOD,St. Mary Healthcare Nutrition Center,Fall,DINNER,3,1732,613,679,10.8,0.0822,17.6,10.0,1
2025-09-25,Garden Mixed Greens & Baby Spinach,Asian Wok & Noodle Bar,VEGETABLES,North Academic Commons,Fall,DINNER,3,1587,500,554,10.8,0.2196,38.4,17.7,1
2025-09-25,Braised Prime Beef Short Ribs,Asian Wok & Noodle Bar,MEAT_SEAFOOD,St. Mary Healthcare Nutrition Center,Fall,DINNER,3,1399,498,511,2.6,0.0636,11.1,7.8,1
2025-09-26,Lemon Rosemary Grilled Chicken Breast,Chef's Daily Carvery Special,MEAT_SEAFOOD,Central University Dining Hall,Fall,BANQUET,4,1001,340,403,18.5,0.0446,5.3,40.2,1
2025-09-26,Lemon Rosemary Grilled Chicken Breast,Chef's Daily Carvery Special,MEAT_SEAFOOD,Central University Dining Hall,Fall,BANQUET,4,1292,431,560,29.9,0.0648,9.8,64.9,1
2025-09-26,Artisan Sourdough Rolls & Baguettes,Chef's Daily Carvery Special,BAKERY,Executive Conference Pavilion,Fall,BANQUET,4,1372,482,633,31.3,0.0941,15.9,70.8,1
2025-09-27,Tuscan Penne alla Vodka,Global Plant-Forward Fusion,GRAINS_PASTA,North Academic Commons,Fall,LUNCH_DINNER_COMBO,5,1452,368,382,3.8,0.0951,12.3,16.4,1
2025-09-27,Tuscan Penne alla Vodka,Global Plant-Forward Fusion,GRAINS_PASTA,North Academic Commons,Fall,LUNCH_DINNER_COMBO,5,2148,523,537,2.7,0.1096,20.1,30.8,1
2025-09-27,Greek Yogurt & Fresh Berry Parfait,Global Plant-Forward Fusion,DAIRY,St. Mary Healthcare Nutrition Center,Fall,LUNCH_DINNER_COMBO,5,1565,367,379,3.3,0.0719,9.2,7.8,1
2025-09-28,Steamed Saffron Basmati Rice Pilaf,Classic American Comfort,GRAINS_PASTA,Executive Conference Pavilion,Fall,BREAKFAST,6,1912,650,721,10.9,0.1241,28.2,35.5,1
2025-09-28,Steamed Saffron Basmati Rice Pilaf,Classic American Comfort,GRAINS_PASTA,Executive Conference Pavilion,Fall,BREAKFAST,6,1857,642,656,2.2,0.1374,30.9,9.2,1
2025-09-28,Steamed Seasonal Market Vegetables,Classic American Comfort,VEGETABLES,Central University Dining Hall,Fall,BREAKFAST,6,1060,366,379,3.6,0.1738,22.3,5.8,1
2025-09-29,Roasted Mediterranean Ratatouille,Mediterranean Harvest,VEGETABLES,North Academic Commons,Fall,LUNCH,0,1578,549,599,9.1,0.1693,32.5,17.6,1
2025-09-29,Artisan Four-Cheese Beef Lasagna,Mediterranean Harvest,GRAINS_PASTA,St. Mary Healthcare Nutrition Center,Fall,LUNCH,0,1570,551,599,8.7,0.118,22.8,14.8,1
2025-09-29,Artisan Four-Cheese Beef Lasagna,Mediterranean Harvest,GRAINS_PASTA,St. Mary Healthcare Nutrition Center,Fall,LUNCH,0,1633,568,594,4.6,0.0519,10.3,6.8,1
2025-09-30,Herb-Crusted Atlantic Salmon Fillet,Asian Wok & Noodle Bar,MEAT_SEAFOOD,Executive Conference Pavilion,Fall,DINNER,1,1303,441,456,3.4,0.0771,11.9,11.5,1
2025-09-30,Creamy Wild Mushroom Soup,Asian Wok & Noodle Bar,PREPARED_SOUP,Central University Dining Hall,Fall,DINNER,1,1702,561,609,8.6,0.1224,24.0,21.0,1
2025-09-30,Creamy Wild Mushroom Soup,Asian Wok & Noodle Bar,PREPARED_SOUP,Central University Dining Hall,Fall,DINNER,1,1704,638,698,9.4,0.1287,28.7,41.3,1
2025-10-01,Braised Prime Beef Short Ribs,Chef's Daily Carvery Special,MEAT_SEAFOOD,St. Mary Healthcare Nutrition Center,Fall,BANQUET,2,2277,792,867,9.5,0.0881,24.4,40.0,1
2025-10-01,Garden Mixed Greens & Baby Spinach,Chef's Daily Carvery Special,VEGETABLES,North Academic Commons,Fall,BANQUET,2,1489,510,541,6.1,0.1637,29.2,13.9,1
2025-10-01,Garden Mixed Greens & Baby Spinach,Chef's Daily Carvery Special,VEGETABLES,North Academic Commons,Fall,BANQUET,2,2234,799,838,4.9,0.1928,53.9,27.1,1
2025-10-02,Lemon Rosemary Grilled Chicken Breast,Global Plant-Forward Fusion,MEAT_SEAFOOD,Central University Dining Hall,Fall,LUNCH_DINNER_COMBO,3,1984,456,507,11.2,0.0903,14.4,14.5,1
2025-10-02,Artisan Sourdough Rolls & Baguettes,Global Plant-Forward Fusion,BAKERY,Executive Conference Pavilion,Fall,LUNCH_DINNER_COMBO,3,1244,312,345,10.6,0.1411,15.4,12.3,1
2025-10-02,Artisan Sourdough Rolls & Baguettes,Global Plant-Forward Fusion,BAKERY,Executive Conference Pavilion,Fall,LUNCH_DINNER_COMBO,3,1216,324,351,8.3,0.1435,16.3,5.8,1
2025-10-03,Tuscan Penne alla Vodka,Classic American Comfort,GRAINS_PASTA,North Academic Commons,Fall,BREAKFAST,4,1470,473,549,16.1,0.1281,21.2,44.4,1
2025-10-03,Greek Yogurt & Fresh Berry Parfait,Classic American Comfort,DAIRY,St. Mary Healthcare Nutrition Center,Fall,BREAKFAST,4,2234,779,940,20.7,0.0651,17.8,85.6,1
2025-10-03,Greek Yogurt & Fresh Berry Parfait,Classic American Comfort,DAIRY,St. Mary Healthcare Nutrition Center,Fall,BREAKFAST,4,1471,515,663,28.7,0.0499,9.0,70.1,1
2025-10-04,Steamed Seasonal Market Vegetables,Mediterranean Harvest,VEGETABLES,Central University Dining Hall,Fall,LUNCH,5,1839,633,664,4.9,0.1935,42.9,18.5,1
2025-10-04,Steamed Saffron Basmati Rice Pilaf,Mediterranean Harvest,GRAINS_PASTA,Executive Conference Pavilion,Fall,LUNCH,5,1772,548,573,4.6,0.1126,21.6,23.2,1
2025-10-04,Steamed Seasonal Market Vegetables,Mediterranean Harvest,VEGETABLES,Central University Dining Hall,Fall,LUNCH,5,772,244,265,8.6,0.1387,11.8,14.5,1
2025-10-05,Roasted Mediterranean Ratatouille,Asian Wok & Noodle Bar,VEGETABLES,North Academic Commons,Fall,DINNER,6,1619,550,604,9.8,0.1382,26.6,23.0,1
2025-10-05,Roasted Mediterranean Ratatouille,Asian Wok & Noodle Bar,VEGETABLES,North Academic Commons,Fall,DINNER,6,1355,487,519,6.6,0.1566,26.7,8.0,1
2025-10-05,Artisan Four-Cheese Beef Lasagna,Asian Wok & Noodle Bar,GRAINS_PASTA,St. Mary Healthcare Nutrition Center,Fall,DINNER,6,1750,633,646,2.1,0.0744,16.5,8.7,1
2025-10-06,Herb-Crusted Atlantic Salmon Fillet,Chef's Daily Carvery Special,MEAT_SEAFOOD,Executive Conference Pavilion,Fall,BANQUET,0,1501,556,582,4.7,0.0879,17.1,17.7,1
2025-10-06,Creamy Wild Mushroom Soup,Chef's Daily Carvery Special,PREPARED_SOUP,Central University Dining Hall,Fall,BANQUET,0,2249,775,847,9.3,0.1797,48.7,20.2,1
2025-10-06,Herb-Crusted Atlantic Salmon Fillet,Chef's Daily Carvery Special,MEAT_SEAFOOD,Executive Conference Pavilion,Fall,BANQUET,0,1431,477,523,9.6,0.0366,6.1,17.2,1
2025-10-07,Braised Prime Beef Short Ribs,Global Plant-Forward Fusion,MEAT_SEAFOOD,St. Mary Healthcare Nutrition Center,Fall,LUNCH_DINNER_COMBO,1,983,252,266,5.6,0.0455,4.0,6.4,1
2025-10-07,Garden Mixed Greens & Baby Spinach,Global Plant-Forward Fusion,VEGETABLES,North Academic Commons,Fall,LUNCH_DINNER_COMBO,1,1482,433,458,5.8,0.1788,27.1,2.4,0
2025-10-07,Braised Prime Beef Short Ribs,Global Plant-Forward Fusion,MEAT_SEAFOOD,St. Mary Healthcare Nutrition Center,Fall,LUNCH_DINNER_COMBO,1,1778,452,507,12.2,0.059,9.3,16.2,1
2025-10-08,Lemon Rosemary Grilled Chicken Breast,Classic American Comfort,MEAT_SEAFOOD,Central University Dining Hall,Fall,BREAKFAST,2,1536,617,643,4.2,0.1212,26.2,11.5,1
2025-10-08,Artisan Sourdough Rolls & Baguettes,Classic American Comfort,BAKERY,Executive Conference Pavilion,Fall,BREAKFAST,2,1696,593,654,10.3,0.1886,39.1,26.1,1
2025-10-08,Lemon Rosemary Grilled Chicken Breast,Classic American Comfort,MEAT_SEAFOOD,Central University Dining Hall,Fall,BREAKFAST,2,1754,578,621,7.4,0.1408,28.5,28.2,1
2025-10-09,Tuscan Penne alla Vodka,Mediterranean Harvest,GRAINS_PASTA,North Academic Commons,Fall,LUNCH,3,1401,444,488,9.9,0.116,18.0,9.3,1
2025-10-09,Greek Yogurt & Fresh Berry Parfait,Mediterranean Harvest,DAIRY,St. Mary Healthcare Nutrition Center,Fall,LUNCH,3,1204,400,439,9.7,0.0327,4.6,8.2,1
2025-10-09,Tuscan Penne alla Vodka,Mediterranean Harvest,GRAINS_PASTA,North Academic Commons,Fall,LUNCH,3,1458,505,536,6.1,0.14,24.8,12.8,1
2025-10-10,Steamed Seasonal Market Vegetables,Asian Wok & Noodle Bar,VEGETABLES,Central University Dining Hall,Fall,DINNER,4,955,356,455,27.8,0.1372,17.1,49.1,1
2025-10-10,Steamed Saffron Basmati Rice Pilaf,Asian Wok & Noodle Bar,GRAINS_PASTA,Executive Conference Pavilion,Fall,DINNER,4,1443,537,699,30.2,0.0934,17.6,76.7,1
2025-10-10,Steamed Saffron Basmati Rice Pilaf,Asian Wok & Noodle Bar,GRAINS_PASTA,Executive Conference Pavilion,Fall,DINNER,4,2297,849,1066,25.6,0.1134,33.7,111.0,1
2025-10-11,Artisan Four-Cheese Beef Lasagna,Chef's Daily Carvery Special,GRAINS_PASTA,St. Mary Healthcare Nutrition Center,Fall,BANQUET,5,1205,400,436,9.0,0.0573,8.0,27.7,1
2025-10-11,Artisan Four-Cheese Beef Lasagna,Chef's Daily Carvery Special,GRAINS_PASTA,St. Mary Healthcare Nutrition Center,Fall,BANQUET,5,1829,660,733,11.1,0.0572,13.2,41.4,1
2025-10-11,Roasted Mediterranean Ratatouille,Chef's Daily Carvery Special,VEGETABLES,North Academic Commons,Fall,BANQUET,5,1611,491,548,11.6,0.1577,27.1,26.2,1
2025-10-12,Creamy Wild Mushroom Soup,Global Plant-Forward Fusion,PREPARED_SOUP,Central University Dining Hall,Fall,LUNCH_DINNER_COMBO,6,1265,326,347,6.4,0.0979,11.2,10.2,1
2025-10-12,Herb-Crusted Atlantic Salmon Fillet,Global Plant-Forward Fusion,MEAT_SEAFOOD,Executive Conference Pavilion,Fall,LUNCH_DINNER_COMBO,6,1673,390,432,10.8,0.1289,17.6,12.2,1
2025-10-12,Creamy Wild Mushroom Soup,Global Plant-Forward Fusion,PREPARED_SOUP,Central University Dining Hall,Fall,LUNCH_DINNER_COMBO,6,1735,404,426,5.4,0.0683,9.7,7.5,1
2025-10-13,Braised Prime Beef Short Ribs,Classic American Comfort,MEAT_SEAFOOD,St. Mary Healthcare Nutrition Center,Fall,BREAKFAST,0,1516,474,525,10.8,0.0329,5.5,15.6,1
2025-10-13,Garden Mixed Greens & Baby Spinach,Classic American Comfort,VEGETABLES,North Academic Commons,Fall,BREAKFAST,0,1557,537,583,8.6,0.141,26.5,7.2,1
2025-10-13,Garden Mixed Greens & Baby Spinach,Classic American Comfort,VEGETABLES,North Academic Commons,Fall,BREAKFAST,0,1684,602,639,6.1,0.1802,38.0,21.3,1
2025-10-14,Lemon Rosemary Grilled Chicken Breast,Mediterranean Harvest,MEAT_SEAFOOD,Central University Dining Hall,Fall,LUNCH,1,1579,564,603,6.9,0.1485,29.3,16.2,1
2025-10-14,Artisan Sourdough Rolls & Baguettes,Mediterranean Harvest,BAKERY,Executive Conference Pavilion,Fall,LUNCH,1,1534,561,589,5.0,0.151,29.6,16.2,1
2025-10-14,Artisan Sourdough Rolls & Baguettes,Mediterranean Harvest,BAKERY,Executive Conference Pavilion,Fall,LUNCH,1,1632,583,633,8.6,0.1722,35.1,18.6,1
2025-10-15,Greek Yogurt & Fresh Berry Parfait,Asian Wok & Noodle Bar,DAIRY,St. Mary Healthcare Nutrition Center,Fall,DINNER,2,1933,656,715,9.0,0.0638,14.7,25.1,1
2025-10-15,Tuscan Penne alla Vodka,Asian Wok & Noodle Bar,GRAINS_PASTA,North Academic Commons,Fall,DINNER,2,1284,410,438,6.8,0.0734,10.5,21.3,1
2025-10-15,Greek Yogurt & Fresh Berry Parfait,Asian Wok & Noodle Bar,DAIRY,St. Mary Healthcare Nutrition Center,Fall,DINNER,2,1678,567,642,13.2,0.1079,21.4,28.5,1
2025-10-16,Steamed Saffron Basmati Rice Pilaf,Chef's Daily Carvery Special,GRAINS_PASTA,Executive Conference Pavilion,Fall,BANQUET,3,1390,462,516,11.7,0.0904,14.6,31.1,1
2025-10-16,Steamed Seasonal Market Vegetables,Chef's Daily Carvery Special,VEGETABLES,Central University Dining Hall,Fall,BANQUET,3,1247,464,495,6.7,0.155,25.2,6.6,1
2025-10-16,Steamed Seasonal Market Vegetables,Chef's Daily Carvery Special,VEGETABLES,Central University Dining Hall,Fall,BANQUET,3,1652,570,627,10.0,0.1892,37.8,29.3,1
2025-10-17,Roasted Mediterranean Ratatouille,Global Plant-Forward Fusion,VEGETABLES,North Academic Commons,Fall,LUNCH_DINNER_COMBO,4,815,191,217,13.6,0.1698,11.3,13.8,1
2025-10-17,Roasted Mediterranean Ratatouille,Global Plant-Forward Fusion,VEGETABLES,North Academic Commons,Fall,LUNCH_DINNER_COMBO,4,1537,386,483,25.1,0.1763,23.8,49.9,1
2025-10-17,Artisan Four-Cheese Beef Lasagna,Global Plant-Forward Fusion,GRAINS_PASTA,St. Mary Healthcare Nutrition Center,Fall,LUNCH_DINNER_COMBO,4,1616,423,532,25.8,0.0367,5.4,57.8,1
2025-10-18,Herb-Crusted Atlantic Salmon Fillet,Classic American Comfort,MEAT_SEAFOOD,Executive Conference Pavilion,Fall,BREAKFAST,5,1983,673,701,4.2,0.1097,25.8,27.0,1
2025-10-18,Herb-Crusted Atlantic Salmon Fillet,Classic American Comfort,MEAT_SEAFOOD,Executive Conference Pavilion,Fall,BREAKFAST,5,1516,521,539,3.5,0.0601,11.0,30.0,1
2025-10-18,Creamy Wild Mushroom Soup,Classic American Comfort,PREPARED_SOUP,Central University Dining Hall,Fall,BREAKFAST,5,1439,508,548,7.9,0.0953,16.9,28.2,1
2025-10-19,Braised Prime Beef Short Ribs,Mediterranean Harvest,MEAT_SEAFOOD,St. Mary Healthcare Nutrition Center,Fall,LUNCH,6,2039,675,745,10.4,0.0973,23.0,24.9,1
2025-10-19,Braised Prime Beef Short Ribs,Mediterranean Harvest,MEAT_SEAFOOD,St. Mary Healthcare Nutrition Center,Fall,LUNCH,6,2144,735,771,4.9,0.0242,6.2,12.9,1
2025-10-19,Garden Mixed Greens & Baby Spinach,Mediterranean Harvest,VEGETABLES,North Academic Commons,Fall,LUNCH,6,2021,696,776,11.5,0.1698,41.4,22.5,1
2025-10-20,Lemon Rosemary Grilled Chicken Breast,Asian Wok & Noodle Bar,MEAT_SEAFOOD,Central University Dining Hall,Fall,DINNER,0,1494,482,510,5.8,0.0886,14.9,13.2,1
2025-10-20,Artisan Sourdough Rolls & Baguettes,Asian Wok & Noodle Bar,BAKERY,Executive Conference Pavilion,Fall,DINNER,0,1230,433,454,4.8,0.1276,19.3,14.8,1
2025-10-20,Lemon Rosemary Grilled Chicken Breast,Asian Wok & Noodle Bar,MEAT_SEAFOOD,Central University Dining Hall,Fall,DINNER,0,1283,457,497,8.8,0.1258,20.1,20.6,1
2025-10-21,Greek Yogurt & Fresh Berry Parfait,Chef's Daily Carvery Special,DAIRY,St. Mary Healthcare Nutrition Center,Fall,BANQUET,1,1348,457,492,7.7,0.0528,8.4,18.2,1
2025-10-21,Tuscan Penne alla Vodka,Chef's Daily Carvery Special,GRAINS_PASTA,North Academic Commons,Fall,BANQUET,1,1783,611,676,10.6,0.1333,28.5,26.6,1
2025-10-21,Tuscan Penne alla Vodka,Chef's Daily Carvery Special,GRAINS_PASTA,North Academic Commons,Fall,BANQUET,1,2140,708,734,3.7,0.0528,13.1,12.2,1
2025-10-22,Steamed Saffron Basmati Rice Pilaf,Global Plant-Forward Fusion,GRAINS_PASTA,Executive Conference Pavilion,Fall,LUNCH_DINNER_COMBO,2,1249,295,305,3.4,0.1609,16.6,12.4,1
2025-10-22,Steamed Saffron Basmati Rice Pilaf,Global Plant-Forward Fusion,GRAINS_PASTA,Executive Conference Pavilion,Fall,LUNCH_DINNER_COMBO,2,1164,302,320,6.0,0.1177,12.4,3.8,1
2025-10-22,Steamed Seasonal Market Vegetables,Global Plant-Forward Fusion,VEGETABLES,Central University Dining Hall,Fall,LUNCH_DINNER_COMBO,2,1531,371,394,6.2,0.206,26.7,9.7,1
2025-10-23,Artisan Four-Cheese Beef Lasagna,Classic American Comfort,GRAINS_PASTA,St. Mary Healthcare Nutrition Center,Fall,BREAKFAST,3,1833,611,679,11.1,0.095,20.3,25.0,1
2025-10-23,Artisan Four-Cheese Beef Lasagna,Classic American Comfort,GRAINS_PASTA,St. Mary Healthcare Nutrition Center,Fall,BREAKFAST,3,1375,471,512,8.7,0.0698,11.5,11.9,1
2025-10-23,Roasted Mediterranean Ratatouille,Classic American Comfort,VEGETABLES,North Academic Commons,Fall,BREAKFAST,3,1636,607,638,5.1,0.1086,23.1,12.7,1
2025-10-24,Creamy Wild Mushroom Soup,Mediterranean Harvest,PREPARED_SOUP,Central University Dining Hall,Fall,LUNCH,4,1747,599,763,27.4,0.112,23.5,104.6,1
2025-10-24,Herb-Crusted Atlantic Salmon Fillet,Mediterranean Harvest,MEAT_SEAFOOD,Executive Conference Pavilion,Fall,LUNCH,4,1593,554,650,17.3,0.1114,21.6,53.3,1
2025-10-24,Creamy Wild Mushroom Soup,Mediterranean Harvest,PREPARED_SOUP,Central University Dining Hall,Fall,LUNCH,4,1553,519,623,20.0,0.1242,22.6,64.7,1
2025-10-25,Garden Mixed Greens & Baby Spinach,Asian Wok & Noodle Bar,VEGETABLES,North Academic Commons,Fall,DINNER,5,1577,547,560,2.4,0.1517,29.0,16.9,1
2025-10-25,Garden Mixed Greens & Baby Spinach,Asian Wok & Noodle Bar,VEGETABLES,North Academic Commons,Fall,DINNER,5,1351,482,511,6.0,0.1305,22.0,26.4,1
2025-10-25,Braised Prime Beef Short Ribs,Asian Wok & Noodle Bar,MEAT_SEAFOOD,St. Mary Healthcare Nutrition Center,Fall,DINNER,5,1393,475,519,9.3,0.02,3.3,21.7,1
2025-10-26,Artisan Sourdough Rolls & Baguettes,Chef's Daily Carvery Special,BAKERY,Executive Conference Pavilion,Fall,BANQUET,6,1848,635,666,4.9,0.1559,34.6,13.5,1
2025-10-26,Lemon Rosemary Grilled Chicken Breast,Chef's Daily Carvery Special,MEAT_SEAFOOD,Central University Dining Hall,Fall,BANQUET,6,1864,657,680,3.5,0.1027,23.6,3.9,0
2025-10-26,Artisan Sourdough Rolls & Baguettes,Chef's Daily Carvery Special,BAKERY,Executive Conference Pavilion,Fall,BANQUET,6,1974,658,708,7.6,0.1351,31.1,36.0,1
2025-10-27,Greek Yogurt & Fresh Berry Parfait,Global Plant-Forward Fusion,DAIRY,St. Mary Healthcare Nutrition Center,Fall,LUNCH_DINNER_COMBO,0,1415,370,382,3.2,0.0784,10.2,6.7,1
2025-10-27,Tuscan Penne alla Vodka,Global Plant-Forward Fusion,GRAINS_PASTA,North Academic Commons,Fall,LUNCH_DINNER_COMBO,0,981,266,295,10.9,0.0559,5.2,3.2,0
2025-10-27,Greek Yogurt & Fresh Berry Parfait,Global Plant-Forward Fusion,DAIRY,St. Mary Healthcare Nutrition Center,Fall,LUNCH_DINNER_COMBO,0,1680,437,448,2.5,0.0991,15.2,3.6,0
2025-10-28,Steamed Saffron Basmati Rice Pilaf,Classic American Comfort,GRAINS_PASTA,Executive Conference Pavilion,Fall,BREAKFAST,1,1371,480,508,5.8,0.071,11.9,12.5,1
2025-10-28,Steamed Seasonal Market Vegetables,Classic American Comfort,VEGETABLES,Central University Dining Hall,Fall,BREAKFAST,1,1521,523,539,3.1,0.1034,18.9,8.0,1
2025-10-29,Artisan Four-Cheese Beef Lasagna,Mediterranean Harvest,GRAINS_PASTA,St. Mary Healthcare Nutrition Center,Fall,LUNCH,2,1129,366,397,8.5,0.0446,5.7,11.4,1
2025-10-29,Roasted Mediterranean Ratatouille,Mediterranean Harvest,VEGETABLES,North Academic Commons,Fall,LUNCH,2,1872,681,705,3.5,0.1141,27.2,9.7,1
2025-10-30,Creamy Wild Mushroom Soup,Asian Wok & Noodle Bar,PREPARED_SOUP,Central University Dining Hall,Fall,DINNER,3,1679,579,637,10.0,0.1077,21.8,27.6,1
2025-10-30,Herb-Crusted Atlantic Salmon Fillet,Asian Wok & Noodle Bar,MEAT_SEAFOOD,Executive Conference Pavilion,Fall,DINNER,3,1563,542,596,10.0,0.0825,15.6,22.2,1
2025-10-31,Garden Mixed Greens & Baby Spinach,Chef's Daily Carvery Special,VEGETABLES,North Academic Commons,Fall,BANQUET,4,1755,660,793,20.2,0.2095,48.4,74.9,1
2025-10-31,Braised Prime Beef Short Ribs,Chef's Daily Carvery Special,MEAT_SEAFOOD,St. Mary Healthcare Nutrition Center,Fall,BANQUET,4,1612,572,644,12.6,0.0949,19.0,44.8,1
2025-11-01,Lemon Rosemary Grilled Chicken Breast,Global Plant-Forward Fusion,MEAT_SEAFOOD,Central University Dining Hall,Fall,LUNCH_DINNER_COMBO,5,1666,441,473,7.3,0.0357,5.5,26.7,1
2025-11-01,Artisan Sourdough Rolls & Baguettes,Global Plant-Forward Fusion,BAKERY,Executive Conference Pavilion,Fall,LUNCH_DINNER_COMBO,5,1364,346,368,6.4,0.1619,19.6,25.1,1
2025-11-02,Tuscan Penne alla Vodka,Classic American Comfort,GRAINS_PASTA,North Academic Commons,Fall,BREAKFAST,6,1476,538,573,6.5,0.1169,22.0,8.6,1
2025-11-02,Greek Yogurt & Fresh Berry Parfait,Classic American Comfort,DAIRY,St. Mary Healthcare Nutrition Center,Fall,BREAKFAST,6,1329,452,466,3.1,0.1032,16.3,21.3,1
2025-11-03,Steamed Saffron Basmati Rice Pilaf,Mediterranean Harvest,GRAINS_PASTA,Executive Conference Pavilion,Fall,LUNCH,0,2173,779,813,4.4,0.101,27.5,15.7,1
2025-11-03,Steamed Seasonal Market Vegetables,Mediterranean Harvest,VEGETABLES,Central University Dining Hall,Fall,LUNCH,0,1703,576,638,10.8,0.1728,34.8,17.8,1
2025-11-04,Artisan Four-Cheese Beef Lasagna,Asian Wok & Noodle Bar,GRAINS_PASTA,St. Mary Healthcare Nutrition Center,Fall,DINNER,1,759,276,304,10.1,0.0743,7.2,12.6,1
2025-11-04,Roasted Mediterranean Ratatouille,Asian Wok & Noodle Bar,VEGETABLES,North Academic Commons,Fall,DINNER,1,1384,498,549,10.2,0.1355,23.6,18.3,1
2025-11-05,Creamy Wild Mushroom Soup,Chef's Daily Carvery Special,PREPARED_SOUP,Central University Dining Hall,Fall,BANQUET,2,1382,488,518,6.1,0.1068,18.2,28.9,1
2025-11-05,Herb-Crusted Atlantic Salmon Fillet,Chef's Daily Carvery Special,MEAT_SEAFOOD,Executive Conference Pavilion,Fall,BANQUET,2,1713,586,623,6.3,0.0381,7.8,10.3,1
2025-11-06,Braised Prime Beef Short Ribs,Global Plant-Forward Fusion,MEAT_SEAFOOD,St. Mary Healthcare Nutrition Center,Fall,LUNCH_DINNER_COMBO,3,1542,404,451,11.6,0.0753,10.7,16.6,1
2025-11-06,Garden Mixed Greens & Baby Spinach,Global Plant-Forward Fusion,VEGETABLES,North Academic Commons,Fall,LUNCH_DINNER_COMBO,3,876,230,241,4.8,0.1428,11.5,3.1,1
2025-11-07,Artisan Sourdough Rolls & Baguettes,Classic American Comfort,BAKERY,Executive Conference Pavilion,Fall,BREAKFAST,4,1491,503,642,27.6,0.1644,28.9,54.5,1
2025-11-07,Lemon Rosemary Grilled Chicken Breast,Classic American Comfort,MEAT_SEAFOOD,Central University Dining Hall,Fall,BREAKFAST,4,1292,460,572,24.3,0.0738,11.9,58.3,1
2025-11-08,Greek Yogurt & Fresh Berry Parfait,Mediterranean Harvest,DAIRY,St. Mary Healthcare Nutrition Center,Fall,LUNCH,5,1536,518,560,8.1,0.0842,15.3,27.5,1
2025-11-08,Tuscan Penne alla Vodka,Mediterranean Harvest,GRAINS_PASTA,North Academic Commons,Fall,LUNCH,5,1440,494,507,2.6,0.1655,28.6,19.1,1
2025-11-09,Steamed Seasonal Market Vegetables,Asian Wok & Noodle Bar,VEGETABLES,Central University Dining Hall,Fall,DINNER,6,1976,692,740,6.9,0.148,35.9,21.4,1
2025-11-09,Steamed Saffron Basmati Rice Pilaf,Asian Wok & Noodle Bar,GRAINS_PASTA,Executive Conference Pavilion,Fall,DINNER,6,1670,599,630,5.2,0.1076,22.6,13.7,1
2025-11-10,Artisan Four-Cheese Beef Lasagna,Chef's Daily Carvery Special,GRAINS_PASTA,St. Mary Healthcare Nutrition Center,Fall,BANQUET,0,1680,533,580,8.8,0.0599,11.2,13.6,1
2025-11-10,Roasted Mediterranean Ratatouille,Chef's Daily Carvery Special,VEGETABLES,North Academic Commons,Fall,BANQUET,0,949,352,384,9.1,0.1346,16.6,21.2,1
2025-11-11,Herb-Crusted Atlantic Salmon Fillet,Global Plant-Forward Fusion,MEAT_SEAFOOD,Executive Conference Pavilion,Fall,LUNCH_DINNER_COMBO,1,1430,361,383,6.1,0.0843,10.7,11.6,1
2025-11-11,Creamy Wild Mushroom Soup,Global Plant-Forward Fusion,PREPARED_SOUP,Central University Dining Hall,Fall,LUNCH_DINNER_COMBO,1,1284,292,305,4.5,0.1103,11.3,8.4,1
2025-11-12,Garden Mixed Greens & Baby Spinach,Classic American Comfort,VEGETABLES,North Academic Commons,Fall,BREAKFAST,2,1692,589,639,8.5,0.209,43.1,18.2,1
2025-11-12,Braised Prime Beef Short Ribs,Classic American Comfort,MEAT_SEAFOOD,St. Mary Healthcare Nutrition Center,Fall,BREAKFAST,2,1719,580,623,7.4,0.02,4.1,17.4,1
2025-11-13,Artisan Sourdough Rolls & Baguettes,Mediterranean Harvest,BAKERY,Executive Conference Pavilion,Fall,LUNCH,3,1406,509,541,6.3,0.1593,28.4,20.9,1
2025-11-13,Lemon Rosemary Grilled Chicken Breast,Mediterranean Harvest,MEAT_SEAFOOD,Central University Dining Hall,Fall,LUNCH,3,1554,545,560,2.8,0.1054,20.1,10.8,1
2025-11-14,Tuscan Penne alla Vodka,Asian Wok & Noodle Bar,GRAINS_PASTA,North Academic Commons,Fall,DINNER,4,2004,730,805,10.3,0.058,14.8,53.7,1
2025-11-14,Greek Yogurt & Fresh Berry Parfait,Asian Wok & Noodle Bar,DAIRY,St. Mary Healthcare Nutrition Center,Fall,DINNER,4,2012,719,805,12.0,0.0293,7.4,59.4,1
2025-11-15,Steamed Saffron Basmati Rice Pilaf,Chef's Daily Carvery Special,GRAINS_PASTA,Executive Conference Pavilion,Fall,BANQUET,5,1933,683,746,9.2,0.1318,31.5,39.2,1
2025-11-15,Steamed Seasonal Market Vegetables,Chef's Daily Carvery Special,VEGETABLES,Central University Dining Hall,Fall,BANQUET,5,1426,486,505,3.9,0.1637,27.8,21.9,1
2025-11-16,Artisan Four-Cheese Beef Lasagna,Global Plant-Forward Fusion,GRAINS_PASTA,St. Mary Healthcare Nutrition Center,Fall,LUNCH_DINNER_COMBO,6,1374,410,420,2.4,0.0554,8.0,3.9,1
2025-11-16,Roasted Mediterranean Ratatouille,Global Plant-Forward Fusion,VEGETABLES,North Academic Commons,Fall,LUNCH_DINNER_COMBO,6,1392,334,352,5.4,0.1698,19.8,16.2,1
2025-11-17,Creamy Wild Mushroom Soup,Classic American Comfort,PREPARED_SOUP,Central University Dining Hall,Fall,BREAKFAST,0,2042,693,752,8.5,0.1341,32.5,26.6,1
2025-11-17,Herb-Crusted Atlantic Salmon Fillet,Classic American Comfort,MEAT_SEAFOOD,Executive Conference Pavilion,Fall,BREAKFAST,0,2016,751,822,9.5,0.0483,12.7,23.6,1
2025-11-18,Garden Mixed Greens & Baby Spinach,Mediterranean Harvest,VEGETABLES,North Academic Commons,Fall,LUNCH,1,1339,445,500,12.4,0.1472,22.9,13.8,1
2025-11-18,Braised Prime Beef Short Ribs,Mediterranean Harvest,MEAT_SEAFOOD,St. Mary Healthcare Nutrition Center,Fall,LUNCH,1,1479,527,597,13.3,0.0359,6.6,25.7,1
2025-11-19,Artisan Sourdough Rolls & Baguettes,Asian Wok & Noodle Bar,BAKERY,Executive Conference Pavilion,Fall,DINNER,2,1701,601,685,14.0,0.0954,20.1,32.0,1
2025-11-19,Lemon Rosemary Grilled Chicken Breast,Asian Wok & Noodle Bar,MEAT_SEAFOOD,Central University Dining Hall,Fall,DINNER,2,1713,631,697,10.5,0.1112,24.6,21.2,1
2025-11-20,Tuscan Penne alla Vodka,Chef's Daily Carvery Special,GRAINS_PASTA,North Academic Commons,Fall,BANQUET,3,1757,637,670,5.2,0.0689,15.4,20.8,1
2025-11-20,Greek Yogurt & Fresh Berry Parfait,Chef's Daily Carvery Special,DAIRY,St. Mary Healthcare Nutrition Center,Fall,BANQUET,3,2009,742,808,8.9,0.1134,29.4,30.9,1
2025-11-21,Steamed Seasonal Market Vegetables,Global Plant-Forward Fusion,VEGETABLES,Central University Dining Hall,Fall,LUNCH_DINNER_COMBO,4,1213,297,385,29.6,0.1311,13.6,43.9,1
2025-11-21,Steamed Saffron Basmati Rice Pilaf,Global Plant-Forward Fusion,GRAINS_PASTA,Executive Conference Pavilion,Fall,LUNCH_DINNER_COMBO,4,1304,339,390,15.0,0.1559,18.5,31.1,1
2025-11-22,Roasted Mediterranean Ratatouille,Classic American Comfort,VEGETABLES,North Academic Commons,Fall,BREAKFAST,5,1543,504,518,2.8,0.1764,31.1,24.6,1
2025-11-22,Artisan Four-Cheese Beef Lasagna,Classic American Comfort,GRAINS_PASTA,St. Mary Healthcare Nutrition Center,Fall,BREAKFAST,5,1469,514,571,11.1,0.1187,21.3,28.6,1
2025-11-23,Creamy Wild Mushroom Soup,Mediterranean Harvest,PREPARED_SOUP,Central University Dining Hall,Fall,LUNCH,6,1393,476,518,8.8,0.164,27.3,17.0,1
2025-11-23,Herb-Crusted Atlantic Salmon Fillet,Mediterranean Harvest,MEAT_SEAFOOD,Executive Conference Pavilion,Fall,LUNCH,6,1937,718,759,5.7,0.1367,34.4,20.1,1
2025-11-24,Braised Prime Beef Short Ribs,Asian Wok & Noodle Bar,MEAT_SEAFOOD,St. Mary Healthcare Nutrition Center,Fall,DINNER,0,1198,419,468,11.7,0.0457,6.7,20.3,1
2025-11-24,Garden Mixed Greens & Baby Spinach,Asian Wok & Noodle Bar,VEGETABLES,North Academic Commons,Fall,DINNER,0,949,337,354,5.0,0.1787,21.1,10.9,1
2025-11-25,Artisan Sourdough Rolls & Baguettes,Chef's Daily Carvery Special,BAKERY,Executive Conference Pavilion,Fall,BANQUET,1,1045,376,429,14.1,0.1649,21.7,21.2,1
2025-11-25,Lemon Rosemary Grilled Chicken Breast,Chef's Daily Carvery Special,MEAT_SEAFOOD,Central University Dining Hall,Fall,BANQUET,1,1569,539,566,5.0,0.0359,6.8,14.0,1
2025-11-26,Greek Yogurt & Fresh Berry Parfait,Global Plant-Forward Fusion,DAIRY,St. Mary Healthcare Nutrition Center,Fall,LUNCH_DINNER_COMBO,2,1340,333,381,14.4,0.1047,12.2,24.6,1
2025-11-26,Tuscan Penne alla Vodka,Global Plant-Forward Fusion,GRAINS_PASTA,North Academic Commons,Fall,LUNCH_DINNER_COMBO,2,1680,425,480,12.9,0.1371,20.4,21.7,1
2025-11-27,Steamed Seasonal Market Vegetables,Classic American Comfort,VEGETABLES,Central University Dining Hall,Fall,BREAKFAST,3,1393,464,478,3.0,0.2008,32.6,7.9,1
2025-11-27,Steamed Saffron Basmati Rice Pilaf,Classic American Comfort,GRAINS_PASTA,Executive Conference Pavilion,Fall,BREAKFAST,3,1050,339,364,7.4,0.1355,16.1,17.9,1
2025-11-28,Roasted Mediterranean Ratatouille,Mediterranean Harvest,VEGETABLES,North Academic Commons,Fall,LUNCH,4,1789,659,803,21.9,0.1022,23.6,71.5,1
2025-11-28,Artisan Four-Cheese Beef Lasagna,Mediterranean Harvest,GRAINS_PASTA,St. Mary Healthcare Nutrition Center,Fall,LUNCH,4,1687,584,681,16.6,0.1068,21.8,60.4,1
2025-11-29,Herb-Crusted Atlantic Salmon Fillet,Asian Wok & Noodle Bar,MEAT_SEAFOOD,Executive Conference Pavilion,Fall,DINNER,5,1114,408,418,2.5,0.1092,15.6,15.9,1
2025-11-29,Creamy Wild Mushroom Soup,Asian Wok & Noodle Bar,PREPARED_SOUP,Central University Dining Hall,Fall,DINNER,5,1541,527,552,4.7,0.1218,22.5,25.2,1
2025-11-30,Braised Prime Beef Short Ribs,Chef's Daily Carvery Special,MEAT_SEAFOOD,St. Mary Healthcare Nutrition Center,Fall,BANQUET,6,1689,618,691,11.8,0.096,20.8,23.2,1
2025-11-30,Garden Mixed Greens & Baby Spinach,Chef's Daily Carvery Special,VEGETABLES,North Academic Commons,Fall,BANQUET,6,961,332,359,8.1,0.1468,17.1,22.7,1
2025-12-01,Artisan Sourdough Rolls & Baguettes,Global Plant-Forward Fusion,BAKERY,Executive Conference Pavilion,Winter,LUNCH_DINNER_COMBO,0,1985,545,590,8.3,0.1366,26.0,24.3,1
2025-12-01,Lemon Rosemary Grilled Chicken Breast,Global Plant-Forward Fusion,MEAT_SEAFOOD,Central University Dining Hall,Winter,LUNCH_DINNER_COMBO,0,1675,411,457,11.2,0.1357,19.5,21.9,1
2025-12-02,Tuscan Penne alla Vodka,Classic American Comfort,GRAINS_PASTA,North Academic Commons,Winter,BREAKFAST,1,923,349,399,14.3,0.0868,10.6,17.3,1
2025-12-02,Greek Yogurt & Fresh Berry Parfait,Classic American Comfort,DAIRY,St. Mary Healthcare Nutrition Center,Winter,BREAKFAST,1,1401,452,518,14.6,0.0972,15.4,23.6,1
2025-12-03,Steamed Saffron Basmati Rice Pilaf,Mediterranean Harvest,GRAINS_PASTA,Executive Conference Pavilion,Winter,LUNCH,2,1564,545,579,6.2,0.137,26.1,10.0,1
2025-12-03,Steamed Seasonal Market Vegetables,Mediterranean Harvest,VEGETABLES,Central University Dining Hall,Winter,LUNCH,2,1980,695,727,4.6,0.1491,36.3,12.6,1
2025-12-04,Artisan Four-Cheese Beef Lasagna,Asian Wok & Noodle Bar,GRAINS_PASTA,St. Mary Healthcare Nutrition Center,Winter,DINNER,3,1905,702,726,3.4,0.0272,6.7,15.8,1
2025-12-04,Roasted Mediterranean Ratatouille,Asian Wok & Noodle Bar,VEGETABLES,North Academic Commons,Winter,DINNER,3,1905,663,741,11.8,0.1048,24.3,23.9,1
2025-12-05,Herb-Crusted Atlantic Salmon Fillet,Chef's Daily Carvery Special,MEAT_SEAFOOD,Executive Conference Pavilion,Winter,BANQUET,4,979,374,435,16.3,0.0992,13.0,40.3,1
2025-12-05,Creamy Wild Mushroom Soup,Chef's Daily Carvery Special,PREPARED_SOUP,Central University Dining Hall,Winter,BANQUET,4,1225,471,580,23.1,0.1127,18.6,66.8,1
2025-12-06,Garden Mixed Greens & Baby Spinach,Global Plant-Forward Fusion,VEGETABLES,North Academic Commons,Winter,LUNCH_DINNER_COMBO,5,1304,331,368,11.2,0.1823,21.1,13.5,1
2025-12-06,Braised Prime Beef Short Ribs,Global Plant-Forward Fusion,MEAT_SEAFOOD,St. Mary Healthcare Nutrition Center,Winter,LUNCH_DINNER_COMBO,5,753,256,283,10.5,0.0519,4.7,16.0,1
2025-12-07,Artisan Sourdough Rolls & Baguettes,Classic American Comfort,BAKERY,Executive Conference Pavilion,Winter,BREAKFAST,6,1391,479,502,4.8,0.1365,22.9,4.8,1
2025-12-07,Lemon Rosemary Grilled Chicken Breast,Classic American Comfort,MEAT_SEAFOOD,Central University Dining Hall,Winter,BREAKFAST,6,1782,639,688,7.7,0.125,28.0,20.6,1
2025-12-08,Tuscan Penne alla Vodka,Mediterranean Harvest,GRAINS_PASTA,North Academic Commons,Winter,LUNCH,0,1951,741,824,11.2,0.1158,30.0,31.2,1
2025-12-08,Greek Yogurt & Fresh Berry Parfait,Mediterranean Harvest,DAIRY,St. Mary Healthcare Nutrition Center,Winter,LUNCH,0,1367,479,509,6.3,0.0931,15.6,16.7,1
2025-12-09,Steamed Saffron Basmati Rice Pilaf,Asian Wok & Noodle Bar,GRAINS_PASTA,Executive Conference Pavilion,Winter,DINNER,1,1993,721,803,11.4,0.1177,29.7,35.9,1
2025-12-09,Steamed Seasonal Market Vegetables,Asian Wok & Noodle Bar,VEGETABLES,Central University Dining Hall,Winter,DINNER,1,1673,560,639,14.1,0.1968,38.6,31.3,1
2025-12-10,Artisan Four-Cheese Beef Lasagna,Chef's Daily Carvery Special,GRAINS_PASTA,St. Mary Healthcare Nutrition Center,Winter,BANQUET,2,1413,472,540,14.4,0.0495,8.2,21.1,1
2025-12-10,Roasted Mediterranean Ratatouille,Chef's Daily Carvery Special,VEGETABLES,North Academic Commons,Winter,BANQUET,2,1438,484,519,7.2,0.1564,26.5,17.5,1
2025-12-11,Herb-Crusted Atlantic Salmon Fillet,Global Plant-Forward Fusion,MEAT_SEAFOOD,Executive Conference Pavilion,Winter,LUNCH_DINNER_COMBO,3,1791,393,440,12.0,0.1204,16.6,19.9,1
2025-12-11,Creamy Wild Mushroom Soup,Global Plant-Forward Fusion,PREPARED_SOUP,Central University Dining Hall,Winter,LUNCH_DINNER_COMBO,3,1853,476,521,9.5,0.1326,22.1,26.4,1
2025-12-12,Braised Prime Beef Short Ribs,Classic American Comfort,MEAT_SEAFOOD,St. Mary Healthcare Nutrition Center,Winter,BREAKFAST,4,1489,544,648,19.1,0.0669,12.7,51.5,1
2025-12-12,Garden Mixed Greens & Baby Spinach,Classic American Comfort,VEGETABLES,North Academic Commons,Winter,BREAKFAST,4,2013,719,888,23.5,0.1935,48.7,85.7,1
2025-12-13,Lemon Rosemary Grilled Chicken Breast,Mediterranean Harvest,MEAT_SEAFOOD,Central University Dining Hall,Winter,LUNCH,5,1217,419,431,2.9,0.068,10.0,16.9,1
2025-12-13,Artisan Sourdough Rolls & Baguettes,Mediterranean Harvest,BAKERY,Executive Conference Pavilion,Winter,LUNCH,5,1542,521,553,6.1,0.1443,26.3,26.4,1
2025-12-14,Greek Yogurt & Fresh Berry Parfait,Asian Wok & Noodle Bar,DAIRY,St. Mary Healthcare Nutrition Center,Winter,DINNER,6,1552,543,570,5.0,0.1083,20.6,11.2,1
2025-12-14,Tuscan Penne alla Vodka,Asian Wok & Noodle Bar,GRAINS_PASTA,North Academic Commons,Winter,DINNER,6,2001,669,747,11.7,0.1107,25.9,21.8,1
2025-12-15,Steamed Seasonal Market Vegetables,Chef's Daily Carvery Special,VEGETABLES,Central University Dining Hall,Winter,BANQUET,0,1830,663,680,2.6,0.1552,36.0,11.9,1
2025-12-15,Steamed Saffron Basmati Rice Pilaf,Chef's Daily Carvery Special,GRAINS_PASTA,Executive Conference Pavilion,Winter,BANQUET,0,1619,558,595,6.6,0.1228,24.0,17.7,1
2025-12-16,Artisan Four-Cheese Beef Lasagna,Global Plant-Forward Fusion,GRAINS_PASTA,St. Mary Healthcare Nutrition Center,Winter,LUNCH_DINNER_COMBO,1,1394,390,413,5.9,0.0577,7.9,9.8,1
2025-12-16,Roasted Mediterranean Ratatouille,Global Plant-Forward Fusion,VEGETABLES,North Academic Commons,Winter,LUNCH_DINNER_COMBO,1,1332,354,404,14.1,0.1211,15.0,14.2,1
2025-12-17,Herb-Crusted Atlantic Salmon Fillet,Classic American Comfort,MEAT_SEAFOOD,Executive Conference Pavilion,Winter,BREAKFAST,2,1507,477,504,5.7,0.0824,13.8,9.9,1
2025-12-17,Creamy Wild Mushroom Soup,Classic American Comfort,PREPARED_SOUP,Central University Dining Hall,Winter,BREAKFAST,2,1366,459,507,10.5,0.1108,17.8,16.7,1
2025-12-18,Braised Prime Beef Short Ribs,Mediterranean Harvest,MEAT_SEAFOOD,St. Mary Healthcare Nutrition Center,Winter,LUNCH,3,2021,685,760,10.9,0.0701,16.8,43.1,1
2025-12-18,Garden Mixed Greens & Baby Spinach,Mediterranean Harvest,VEGETABLES,North Academic Commons,Winter,LUNCH,3,1461,496,530,6.9,0.2384,41.4,10.4,1
2025-12-19,Lemon Rosemary Grilled Chicken Breast,Asian Wok & Noodle Bar,MEAT_SEAFOOD,Central University Dining Hall,Winter,DINNER,4,2230,811,905,11.6,0.0568,16.1,63.7,1
2025-12-19,Artisan Sourdough Rolls & Baguettes,Asian Wok & Noodle Bar,BAKERY,Executive Conference Pavilion,Winter,DINNER,4,893,241,295,22.4,0.2025,17.1,29.8,1
2025-12-20,Greek Yogurt & Fresh Berry Parfait,Chef's Daily Carvery Special,DAIRY,St. Mary Healthcare Nutrition Center,Winter,BANQUET,5,2523,879,918,4.4,0.0488,15.0,37.2,1
2025-12-20,Tuscan Penne alla Vodka,Chef's Daily Carvery Special,GRAINS_PASTA,North Academic Commons,Winter,BANQUET,5,1795,634,680,7.3,0.1511,33.5,28.5,1
2025-12-21,Steamed Saffron Basmati Rice Pilaf,Global Plant-Forward Fusion,GRAINS_PASTA,Executive Conference Pavilion,Winter,LUNCH_DINNER_COMBO,6,1591,353,370,4.8,0.1401,17.3,11.7,1
2025-12-21,Steamed Seasonal Market Vegetables,Global Plant-Forward Fusion,VEGETABLES,Central University Dining Hall,Winter,LUNCH_DINNER_COMBO,6,1615,419,454,8.4,0.1278,18.7,12.5,1
2025-12-22,Roasted Mediterranean Ratatouille,Classic American Comfort,VEGETABLES,North Academic Commons,Winter,BREAKFAST,0,1513,506,555,9.7,0.2032,36.0,21.2,1
2025-12-22,Artisan Four-Cheese Beef Lasagna,Classic American Comfort,GRAINS_PASTA,St. Mary Healthcare Nutrition Center,Winter,BREAKFAST,0,1605,585,600,2.6,0.039,8.0,3.8,1
2025-12-23,Creamy Wild Mushroom Soup,Mediterranean Harvest,PREPARED_SOUP,Central University Dining Hall,Winter,LUNCH,1,1369,471,505,7.2,0.1419,23.4,21.6,1
2025-12-23,Herb-Crusted Atlantic Salmon Fillet,Mediterranean Harvest,MEAT_SEAFOOD,Executive Conference Pavilion,Winter,LUNCH,1,1851,643,717,11.5,0.0968,21.8,39.2,1
2025-12-24,Braised Prime Beef Short Ribs,Asian Wok & Noodle Bar,MEAT_SEAFOOD,St. Mary Healthcare Nutrition Center,Winter,DINNER,2,1935,654,749,14.5,0.0661,15.1,31.1,1
2025-12-24,Garden Mixed Greens & Baby Spinach,Asian Wok & Noodle Bar,VEGETABLES,North Academic Commons,Winter,DINNER,2,1367,474,540,13.9,0.2083,34.6,22.3,1
2025-12-25,Artisan Sourdough Rolls & Baguettes,Chef's Daily Carvery Special,BAKERY,Executive Conference Pavilion,Winter,BANQUET,3,1692,577,617,6.9,0.1971,39.8,23.7,1
2025-12-25,Lemon Rosemary Grilled Chicken Breast,Chef's Daily Carvery Special,MEAT_SEAFOOD,Central University Dining Hall,Winter,BANQUET,3,1887,636,698,9.7,0.121,26.9,15.2,1
2025-12-26,Greek Yogurt & Fresh Berry Parfait,Global Plant-Forward Fusion,DAIRY,St. Mary Healthcare Nutrition Center,Winter,LUNCH_DINNER_COMBO,4,1314,333,422,26.7,0.0921,10.7,43.4,1
2025-12-26,Tuscan Penne alla Vodka,Global Plant-Forward Fusion,GRAINS_PASTA,North Academic Commons,Winter,LUNCH_DINNER_COMBO,4,1323,353,405,14.7,0.1439,17.8,35.3,1
2025-12-27,Steamed Seasonal Market Vegetables,Classic American Comfort,VEGETABLES,Central University Dining Hall,Winter,BREAKFAST,5,1383,476,523,9.9,0.1469,24.5,27.0,1
2025-12-27,Steamed Saffron Basmati Rice Pilaf,Classic American Comfort,GRAINS_PASTA,Executive Conference Pavilion,Winter,BREAKFAST,5,1094,370,378,2.2,0.0919,11.9,17.9,1
2025-12-28,Roasted Mediterranean Ratatouille,Mediterranean Harvest,VEGETABLES,North Academic Commons,Winter,LUNCH,6,1556,473,504,6.6,0.1405,23.3,14.2,1
2025-12-28,Artisan Four-Cheese Beef Lasagna,Mediterranean Harvest,GRAINS_PASTA,St. Mary Healthcare Nutrition Center,Winter,LUNCH,6,1694,603,652,8.1,0.0547,11.6,18.6,1
2025-12-29,Herb-Crusted Atlantic Salmon Fillet,Asian Wok & Noodle Bar,MEAT_SEAFOOD,Executive Conference Pavilion,Winter,DINNER,0,1422,494,542,9.7,0.1171,20.2,19.7,1
2025-12-29,Creamy Wild Mushroom Soup,Asian Wok & Noodle Bar,PREPARED_SOUP,Central University Dining Hall,Winter,DINNER,0,1252,402,441,9.7,0.108,15.2,11.5,1
2025-12-30,Braised Prime Beef Short Ribs,Chef's Daily Carvery Special,MEAT_SEAFOOD,St. Mary Healthcare Nutrition Center,Winter,BANQUET,1,1768,609,692,13.6,0.1231,26.2,26.2,1
2025-12-30,Garden Mixed Greens & Baby Spinach,Chef's Daily Carvery Special,VEGETABLES,North Academic Commons,Winter,BANQUET,1,1805,629,716,13.8,0.2267,49.9,35.6,1
2025-12-31,Artisan Sourdough Rolls & Baguettes,Global Plant-Forward Fusion,BAKERY,Executive Conference Pavilion,Winter,LUNCH_DINNER_COMBO,2,1743,444,473,6.5,0.1538,23.9,20.2,1
2025-12-31,Lemon Rosemary Grilled Chicken Breast,Global Plant-Forward Fusion,MEAT_SEAFOOD,Central University Dining Hall,Winter,LUNCH_DINNER_COMBO,2,1056,284,297,4.6,0.1282,12.7,3.5,0
2026-01-01,Greek Yogurt & Fresh Berry Parfait,Classic American Comfort,DAIRY,St. Mary Healthcare Nutrition Center,Winter,BREAKFAST,3,1942,680,757,11.3,0.0818,19.5,24.9,1
2026-01-01,Tuscan Penne alla Vodka,Classic American Comfort,GRAINS_PASTA,North Academic Commons,Winter,BREAKFAST,3,1120,430,447,4.0,0.0872,13.1,10.6,1
2026-01-02,Steamed Saffron Basmati Rice Pilaf,Mediterranean Harvest,GRAINS_PASTA,Executive Conference Pavilion,Winter,LUNCH,4,1409,489,550,12.5,0.0777,13.3,39.1,1
2026-01-02,Steamed Seasonal Market Vegetables,Mediterranean Harvest,VEGETABLES,Central University Dining Hall,Winter,LUNCH,4,1609,555,667,20.2,0.1363,26.5,60.8,1
2026-01-03,Roasted Mediterranean Ratatouille,Asian Wok & Noodle Bar,VEGETABLES,North Academic Commons,Winter,DINNER,5,2298,802,830,3.5,0.1877,52.7,35.1,1
2026-01-03,Artisan Four-Cheese Beef Lasagna,Asian Wok & Noodle Bar,GRAINS_PASTA,St. Mary Healthcare Nutrition Center,Winter,DINNER,5,1203,415,440,6.0,0.02,2.9,8.3,1
2026-01-04,Creamy Wild Mushroom Soup,Chef's Daily Carvery Special,PREPARED_SOUP,Central University Dining Hall,Winter,BANQUET,6,1593,550,614,11.6,0.1805,34.8,30.1,1
2026-01-04,Herb-Crusted Atlantic Salmon Fillet,Chef's Daily Carvery Special,MEAT_SEAFOOD,Executive Conference Pavilion,Winter,BANQUET,6,1701,619,641,3.6,0.0807,17.5,8.9,1
2026-01-05,Garden Mixed Greens & Baby Spinach,Global Plant-Forward Fusion,VEGETABLES,North Academic Commons,Winter,LUNCH_DINNER_COMBO,0,1346,339,379,11.8,0.2264,26.9,12.6,1
2026-01-05,Braised Prime Beef Short Ribs,Global Plant-Forward Fusion,MEAT_SEAFOOD,St. Mary Healthcare Nutrition Center,Winter,LUNCH_DINNER_COMBO,0,1372,362,399,10.2,0.0413,5.2,14.9,1
2026-01-06,Lemon Rosemary Grilled Chicken Breast,Classic American Comfort,MEAT_SEAFOOD,Central University Dining Hall,Winter,BREAKFAST,1,2161,749,783,4.5,0.15,39.3,5.9,1
2026-01-06,Artisan Sourdough Rolls & Baguettes,Classic American Comfort,BAKERY,Executive Conference Pavilion,Winter,BREAKFAST,1,1476,502,518,3.2,0.1794,31.5,9.6,1
2026-01-07,Tuscan Penne alla Vodka,Mediterranean Harvest,GRAINS_PASTA,North Academic Commons,Winter,LUNCH,2,1310,473,495,4.7,0.0989,16.4,13.2,1
2026-01-07,Greek Yogurt & Fresh Berry Parfait,Mediterranean Harvest,DAIRY,St. Mary Healthcare Nutrition Center,Winter,LUNCH,2,1689,615,705,14.6,0.0495,10.6,32.3,1
2026-01-08,Steamed Seasonal Market Vegetables,Asian Wok & Noodle Bar,VEGETABLES,Central University Dining Hall,Winter,DINNER,3,1521,569,603,6.0,0.1481,29.5,14.8,1
2026-01-08,Steamed Saffron Basmati Rice Pilaf,Asian Wok & Noodle Bar,GRAINS_PASTA,Executive Conference Pavilion,Winter,DINNER,3,1075,408,448,9.8,0.1498,21.4,22.7,1
2026-01-09,Artisan Four-Cheese Beef Lasagna,Chef's Daily Carvery Special,GRAINS_PASTA,St. Mary Healthcare Nutrition Center,Winter,BANQUET,4,1261,447,504,12.8,0.1007,15.8,43.9,1
2026-01-09,Roasted Mediterranean Ratatouille,Chef's Daily Carvery Special,VEGETABLES,North Academic Commons,Winter,BANQUET,4,1321,504,607,20.4,0.1368,24.1,56.0,1
2026-01-10,Creamy Wild Mushroom Soup,Global Plant-Forward Fusion,PREPARED_SOUP,Central University Dining Hall,Winter,LUNCH_DINNER_COMBO,5,1960,509,525,3.1,0.1608,28.7,22.8,1
2026-01-10,Herb-Crusted Atlantic Salmon Fillet,Global Plant-Forward Fusion,MEAT_SEAFOOD,Executive Conference Pavilion,Winter,LUNCH_DINNER_COMBO,5,1158,274,285,4.0,0.0902,8.6,15.8,1
2026-01-11,Braised Prime Beef Short Ribs,Classic American Comfort,MEAT_SEAFOOD,St. Mary Healthcare Nutrition Center,Winter,BREAKFAST,6,2094,741,803,8.4,0.0489,12.7,16.1,1
2026-01-11,Garden Mixed Greens & Baby Spinach,Classic American Comfort,VEGETABLES,North Academic Commons,Winter,BREAKFAST,6,1858,651,690,6.0,0.1991,45.4,18.4,1
2026-01-12,Artisan Sourdough Rolls & Baguettes,Mediterranean Harvest,BAKERY,Executive Conference Pavilion,Winter,LUNCH,0,1216,346,382,10.4,0.1398,16.9,8.2,1
2026-01-12,Lemon Rosemary Grilled Chicken Breast,Mediterranean Harvest,MEAT_SEAFOOD,Central University Dining Hall,Winter,LUNCH,0,1316,429,477,11.2,0.0821,12.3,27.6,1
2026-01-13,Tuscan Penne alla Vodka,Asian Wok & Noodle Bar,GRAINS_PASTA,North Academic Commons,Winter,DINNER,1,1816,608,696,14.5,0.1053,22.4,40.2,1
2026-01-13,Greek Yogurt & Fresh Berry Parfait,Asian Wok & Noodle Bar,DAIRY,St. Mary Healthcare Nutrition Center,Winter,DINNER,1,867,265,298,12.5,0.1026,9.5,22.2,1
2026-01-14,Steamed Saffron Basmati Rice Pilaf,Chef's Daily Carvery Special,GRAINS_PASTA,Executive Conference Pavilion,Winter,BANQUET,2,2308,807,839,4.0,0.1552,43.8,21.2,1
2026-01-14,Steamed Seasonal Market Vegetables,Chef's Daily Carvery Special,VEGETABLES,Central University Dining Hall,Winter,BANQUET,2,1507,517,591,14.3,0.1335,24.2,27.5,1
2026-01-15,Artisan Four-Cheese Beef Lasagna,Global Plant-Forward Fusion,GRAINS_PASTA,St. Mary Healthcare Nutrition Center,Winter,LUNCH_DINNER_COMBO,3,936,219,227,3.7,0.0675,5.2,10.6,1
2026-01-15,Roasted Mediterranean Ratatouille,Global Plant-Forward Fusion,VEGETABLES,North Academic Commons,Winter,LUNCH_DINNER_COMBO,3,1465,364,391,7.4,0.1359,17.3,22.0,1
2026-01-16,Creamy Wild Mushroom Soup,Classic American Comfort,PREPARED_SOUP,Central University Dining Hall,Winter,BREAKFAST,4,1449,521,683,31.1,0.1214,22.1,91.5,1
2026-01-16,Herb-Crusted Atlantic Salmon Fillet,Classic American Comfort,MEAT_SEAFOOD,Executive Conference Pavilion,Winter,BREAKFAST,4,1777,620,733,18.2,0.0542,11.8,69.7,1
2026-01-17,Garden Mixed Greens & Baby Spinach,Mediterranean Harvest,VEGETABLES,North Academic Commons,Winter,LUNCH,5,1033,343,371,8.2,0.1847,22.2,16.0,1
2026-01-17,Braised Prime Beef Short Ribs,Mediterranean Harvest,MEAT_SEAFOOD,St. Mary Healthcare Nutrition Center,Winter,LUNCH,5,1509,544,556,2.2,0.0321,6.1,10.7,1
2026-01-18,Artisan Sourdough Rolls & Baguettes,Asian Wok & Noodle Bar,BAKERY,Executive Conference Pavilion,Winter,DINNER,6,1375,493,526,6.7,0.1212,20.9,11.6,1
2026-01-18,Lemon Rosemary Grilled Chicken Breast,Asian Wok & Noodle Bar,MEAT_SEAFOOD,Central University Dining Hall,Winter,DINNER,6,1864,604,628,4.0,0.0793,16.8,9.2,1
2026-01-19,Greek Yogurt & Fresh Berry Parfait,Chef's Daily Carvery Special,DAIRY,St. Mary Healthcare Nutrition Center,Winter,BANQUET,0,2011,709,778,9.7,0.0539,13.4,28.2,1
2026-01-19,Tuscan Penne alla Vodka,Chef's Daily Carvery Special,GRAINS_PASTA,North Academic Commons,Winter,BANQUET,0,1903,642,713,11.1,0.1447,32.5,27.6,1
2026-01-20,Steamed Seasonal Market Vegetables,Global Plant-Forward Fusion,VEGETABLES,Central University Dining Hall,Winter,LUNCH_DINNER_COMBO,1,1162,305,326,6.9,0.1741,18.6,5.3,1
2026-01-20,Steamed Saffron Basmati Rice Pilaf,Global Plant-Forward Fusion,GRAINS_PASTA,Executive Conference Pavilion,Winter,LUNCH_DINNER_COMBO,1,1304,325,342,5.2,0.1504,17.1,6.6,1
2026-01-21,Roasted Mediterranean Ratatouille,Classic American Comfort,VEGETABLES,North Academic Commons,Winter,BREAKFAST,2,1294,452,501,10.8,0.1254,19.8,19.7,1
2026-01-21,Artisan Four-Cheese Beef Lasagna,Classic American Comfort,GRAINS_PASTA,St. Mary Healthcare Nutrition Center,Winter,BREAKFAST,2,1716,625,718,14.9,0.1085,23.7,28.3,1
2026-01-22,Herb-Crusted Atlantic Salmon Fillet,Mediterranean Harvest,MEAT_SEAFOOD,Executive Conference Pavilion,Winter,LUNCH,3,1860,646,723,11.9,0.0397,9.0,36.8,1
2026-01-22,Creamy Wild Mushroom Soup,Mediterranean Harvest,PREPARED_SOUP,Central University Dining Hall,Winter,LUNCH,3,1805,647,693,7.1,0.0957,21.7,25.4,1
2026-01-23,Garden Mixed Greens & Baby Spinach,Asian Wok & Noodle Bar,VEGETABLES,North Academic Commons,Winter,DINNER,4,1092,388,433,11.6,0.228,31.0,28.6,1
2026-01-23,Braised Prime Beef Short Ribs,Asian Wok & Noodle Bar,MEAT_SEAFOOD,St. Mary Healthcare Nutrition Center,Winter,DINNER,4,1652,580,684,17.9,0.0776,15.8,63.7,1
2026-01-24,Lemon Rosemary Grilled Chicken Breast,Chef's Daily Carvery Special,MEAT_SEAFOOD,Central University Dining Hall,Winter,BANQUET,5,910,340,369,8.5,0.0687,8.2,19.3,1
2026-01-24,Artisan Sourdough Rolls & Baguettes,Chef's Daily Carvery Special,BAKERY,Executive Conference Pavilion,Winter,BANQUET,5,2008,716,764,6.7,0.1256,31.5,35.6,1
2026-01-25,Greek Yogurt & Fresh Berry Parfait,Global Plant-Forward Fusion,DAIRY,St. Mary Healthcare Nutrition Center,Winter,LUNCH_DINNER_COMBO,6,1737,435,465,6.9,0.0516,7.9,10.1,1
2026-01-25,Tuscan Penne alla Vodka,Global Plant-Forward Fusion,GRAINS_PASTA,North Academic Commons,Winter,LUNCH_DINNER_COMBO,6,1611,408,428,4.9,0.1043,14.9,9.3,1
2026-01-26,Steamed Saffron Basmati Rice Pilaf,Classic American Comfort,GRAINS_PASTA,Executive Conference Pavilion,Winter,BREAKFAST,0,2291,762,817,7.2,0.1058,28.2,18.9,1
2026-01-26,Steamed Seasonal Market Vegetables,Classic American Comfort,VEGETABLES,Central University Dining Hall,Winter,BREAKFAST,0,2013,763,782,2.5,0.1397,37.3,8.9,1
2026-01-27,Artisan Four-Cheese Beef Lasagna,Mediterranean Harvest,GRAINS_PASTA,St. Mary Healthcare Nutrition Center,Winter,LUNCH,1,1498,559,608,8.8,0.0578,11.3,26.2,1
2026-01-27,Roasted Mediterranean Ratatouille,Mediterranean Harvest,VEGETABLES,North Academic Commons,Winter,LUNCH,1,1694,566,608,7.4,0.1151,22.8,15.6,1
2026-01-28,Creamy Wild Mushroom Soup,Asian Wok & Noodle Bar,PREPARED_SOUP,Central University Dining Hall,Winter,DINNER,2,1161,415,444,7.0,0.109,15.8,12.4,1
2026-01-28,Herb-Crusted Atlantic Salmon Fillet,Asian Wok & Noodle Bar,MEAT_SEAFOOD,Executive Conference Pavilion,Winter,DINNER,2,1666,582,603,3.6,0.064,13.0,10.0,1
2026-01-29,Garden Mixed Greens & Baby Spinach,Chef's Daily Carvery Special,VEGETABLES,North Academic Commons,Winter,BANQUET,3,1848,678,748,10.3,0.1689,40.1,19.8,1
2026-01-29,Braised Prime Beef Short Ribs,Chef's Daily Carvery Special,MEAT_SEAFOOD,St. Mary Healthcare Nutrition Center,Winter,BANQUET,3,2039,778,807,3.7,0.0941,25.6,16.1,1
2026-01-30,Artisan Sourdough Rolls & Baguettes,Global Plant-Forward Fusion,BAKERY,Executive Conference Pavilion,Winter,LUNCH_DINNER_COMBO,4,1838,489,554,13.3,0.1533,26.2,37.1,1
2026-01-30,Lemon Rosemary Grilled Chicken Breast,Global Plant-Forward Fusion,MEAT_SEAFOOD,Central University Dining Hall,Winter,LUNCH_DINNER_COMBO,4,1130,293,330,12.6,0.1075,11.0,21.2,1
2026-01-31,Tuscan Penne alla Vodka,Classic American Comfort,GRAINS_PASTA,North Academic Commons,Winter,BREAKFAST,5,1454,520,564,8.5,0.086,15.7,32.3,1
2026-01-31,Greek Yogurt & Fresh Berry Parfait,Classic American Comfort,DAIRY,St. Mary Healthcare Nutrition Center,Winter,BREAKFAST,5,1016,372,381,2.4,0.02,2.6,16.6,1
2026-02-01,Steamed Seasonal Market Vegetables,Mediterranean Harvest,VEGETABLES,Central University Dining Hall,Winter,LUNCH,6,1837,614,672,9.4,0.1524,32.8,16.0,1
2026-02-01,Steamed Saffron Basmati Rice Pilaf,Mediterranean Harvest,GRAINS_PASTA,Executive Conference Pavilion,Winter,LUNCH,6,1821,625,651,4.2,0.136,29.8,15.3,1
2026-02-02,Roasted Mediterranean Ratatouille,Asian Wok & Noodle Bar,VEGETABLES,North Academic Commons,Winter,DINNER,0,1180,434,451,3.9,0.1574,23.9,4.2,0
2026-02-02,Artisan Four-Cheese Beef Lasagna,Asian Wok & Noodle Bar,GRAINS_PASTA,St. Mary Healthcare Nutrition Center,Winter,DINNER,0,1539,521,581,11.5,0.0776,14.2,25.1,1
2026-02-03,Creamy Wild Mushroom Soup,Chef's Daily Carvery Special,PREPARED_SOUP,Central University Dining Hall,Winter,BANQUET,1,1400,486,530,9.1,0.1124,19.1,29.1,1
2026-02-03,Herb-Crusted Atlantic Salmon Fillet,Chef's Daily Carvery Special,MEAT_SEAFOOD,Executive Conference Pavilion,Winter,BANQUET,1,1390,522,575,10.2,0.062,11.3,21.7,1
2026-02-04,Braised Prime Beef Short Ribs,Global Plant-Forward Fusion,MEAT_SEAFOOD,St. Mary Healthcare Nutrition Center,Winter,LUNCH_DINNER_COMBO,2,1734,445,490,10.1,0.0429,6.7,12.6,1
2026-02-04,Garden Mixed Greens & Baby Spinach,Global Plant-Forward Fusion,VEGETABLES,North Academic Commons,Winter,LUNCH_DINNER_COMBO,2,1368,331,355,7.3,0.1913,22.2,14.6,1
2026-02-05,Lemon Rosemary Grilled Chicken Breast,Classic American Comfort,MEAT_SEAFOOD,Central University Dining Hall,Winter,BREAKFAST,3,1968,663,727,9.7,0.091,21.1,26.7,1
2026-02-05,Artisan Sourdough Rolls & Baguettes,Classic American Comfort,BAKERY,Executive Conference Pavilion,Winter,BREAKFAST,3,1825,661,687,3.9,0.1256,29.1,13.0,1
2026-02-06,Greek Yogurt & Fresh Berry Parfait,Mediterranean Harvest,DAIRY,St. Mary Healthcare Nutrition Center,Winter,LUNCH,4,1706,630,819,30.0,0.0342,7.5,95.3,1
2026-02-06,Tuscan Penne alla Vodka,Mediterranean Harvest,GRAINS_PASTA,North Academic Commons,Winter,LUNCH,4,1654,605,727,20.2,0.1399,29.6,65.9,1
2026-02-07,Steamed Seasonal Market Vegetables,Asian Wok & Noodle Bar,VEGETABLES,Central University Dining Hall,Winter,DINNER,5,1971,680,737,8.4,0.1867,44.4,34.0,1
2026-02-07,Steamed Saffron Basmati Rice Pilaf,Asian Wok & Noodle Bar,GRAINS_PASTA,Executive Conference Pavilion,Winter,DINNER,5,1833,652,683,4.8,0.1139,26.0,22.8,1
2026-02-08,Artisan Four-Cheese Beef Lasagna,Chef's Daily Carvery Special,GRAINS_PASTA,St. Mary Healthcare Nutrition Center,Winter,BANQUET,6,1172,436,469,7.6,0.0981,15.0,14.2,1
2026-02-08,Roasted Mediterranean Ratatouille,Chef's Daily Carvery Special,VEGETABLES,North Academic Commons,Winter,BANQUET,6,1285,471,509,8.1,0.1643,27.1,12.5,1
2026-02-09,Herb-Crusted Atlantic Salmon Fillet,Global Plant-Forward Fusion,MEAT_SEAFOOD,Executive Conference Pavilion,Winter,LUNCH_DINNER_COMBO,0,1443,366,390,6.6,0.0649,8.3,15.0,1
2026-02-09,Creamy Wild Mushroom Soup,Global Plant-Forward Fusion,PREPARED_SOUP,Central University Dining Hall,Winter,LUNCH_DINNER_COMBO,0,1217,294,323,9.9,0.0986,10.1,5.5,1
2026-02-10,Braised Prime Beef Short Ribs,Classic American Comfort,MEAT_SEAFOOD,St. Mary Healthcare Nutrition Center,Winter,BREAKFAST,1,1513,583,647,11.0,0.0868,17.7,27.2,1
2026-02-10,Garden Mixed Greens & Baby Spinach,Classic American Comfort,VEGETABLES,North Academic Commons,Winter,BREAKFAST,1,1759,635,716,12.8,0.15,33.3,27.9,1
2026-02-11,Lemon Rosemary Grilled Chicken Breast,Mediterranean Harvest,MEAT_SEAFOOD,Central University Dining Hall,Winter,LUNCH,2,1601,591,678,14.7,0.0813,16.8,32.9,1
2026-02-11,Artisan Sourdough Rolls & Baguettes,Mediterranean Harvest,BAKERY,Executive Conference Pavilion,Winter,LUNCH,2,1602,544,607,11.6,0.1429,27.2,22.7,1
2026-02-12,Tuscan Penne alla Vodka,Asian Wok & Noodle Bar,GRAINS_PASTA,North Academic Commons,Winter,DINNER,3,2049,772,838,8.5,0.146,39.4,28.2,1
2026-02-12,Greek Yogurt & Fresh Berry Parfait,Asian Wok & Noodle Bar,DAIRY,St. Mary Healthcare Nutrition Center,Winter,DINNER,3,2085,704,779,10.7,0.0816,20.1,30.0,1
2026-02-13,Steamed Seasonal Market Vegetables,Chef's Daily Carvery Special,VEGETABLES,Central University Dining Hall,Winter,BANQUET,4,1842,634,791,24.8,0.1405,31.2,76.5,1
2026-02-13,Steamed Saffron Basmati Rice Pilaf,Chef's Daily Carvery Special,GRAINS_PASTA,Executive Conference Pavilion,Winter,BANQUET,4,1465,523,670,28.1,0.1759,32.2,67.7,1
2026-02-14,Roasted Mediterranean Ratatouille,Global Plant-Forward Fusion,VEGETABLES,North Academic Commons,Winter,LUNCH_DINNER_COMBO,5,2277,570,598,4.9,0.1208,24.1,27.2,1
2026-02-14,Artisan Four-Cheese Beef Lasagna,Global Plant-Forward Fusion,GRAINS_PASTA,St. Mary Healthcare Nutrition Center,Winter,LUNCH_DINNER_COMBO,5,1834,484,515,6.4,0.0759,12.9,23.3,1
2026-02-15,Herb-Crusted Atlantic Salmon Fillet,Classic American Comfort,MEAT_SEAFOOD,Executive Conference Pavilion,Winter,BREAKFAST,6,1067,401,438,9.2,0.0594,8.3,14.5,1
2026-02-15,Creamy Wild Mushroom Soup,Classic American Comfort,PREPARED_SOUP,Central University Dining Hall,Winter,BREAKFAST,6,1488,495,552,11.5,0.144,25.0,28.8,1
2026-02-16,Braised Prime Beef Short Ribs,Mediterranean Harvest,MEAT_SEAFOOD,St. Mary Healthcare Nutrition Center,Winter,LUNCH,0,1926,719,757,5.3,0.0403,10.1,16.9,1
2026-02-16,Garden Mixed Greens & Baby Spinach,Mediterranean Harvest,VEGETABLES,North Academic Commons,Winter,LUNCH,0,1890,667,701,5.1,0.1676,39.1,18.4,1
2026-02-17,Lemon Rosemary Grilled Chicken Breast,Asian Wok & Noodle Bar,MEAT_SEAFOOD,Central University Dining Hall,Winter,DINNER,1,1656,592,657,11.0,0.0544,11.3,24.2,1
2026-02-17,Artisan Sourdough Rolls & Baguettes,Asian Wok & Noodle Bar,BAKERY,Executive Conference Pavilion,Winter,DINNER,1,2135,745,802,7.7,0.0878,22.9,28.4,1
2026-02-18,Greek Yogurt & Fresh Berry Parfait,Chef's Daily Carvery Special,DAIRY,St. Mary Healthcare Nutrition Center,Winter,BANQUET,2,814,272,297,9.2,0.1242,11.8,16.7,1
2026-02-18,Tuscan Penne alla Vodka,Chef's Daily Carvery Special,GRAINS_PASTA,North Academic Commons,Winter,BANQUET,2,1426,491,522,6.3,0.0942,16.2,11.5,1
2026-02-19,Steamed Saffron Basmati Rice Pilaf,Global Plant-Forward Fusion,GRAINS_PASTA,Executive Conference Pavilion,Winter,LUNCH_DINNER_COMBO,3,1611,383,398,3.9,0.1754,23.5,9.5,1
2026-02-19,Steamed Seasonal Market Vegetables,Global Plant-Forward Fusion,VEGETABLES,Central University Dining Hall,Winter,LUNCH_DINNER_COMBO,3,1700,421,460,9.3,0.2157,31.8,10.7,1
2026-02-20,Artisan Four-Cheese Beef Lasagna,Classic American Comfort,GRAINS_PASTA,St. Mary Healthcare Nutrition Center,Winter,BREAKFAST,4,2195,740,857,15.8,0.0202,5.2,69.3,1
2026-02-20,Roasted Mediterranean Ratatouille,Classic American Comfort,VEGETABLES,North Academic Commons,Winter,BREAKFAST,4,1482,594,700,17.8,0.1588,33.0,61.8,1
2026-02-21,Creamy Wild Mushroom Soup,Mediterranean Harvest,PREPARED_SOUP,Central University Dining Hall,Winter,LUNCH,5,1277,421,457,8.6,0.1226,18.1,25.5,1
2026-02-21,Herb-Crusted Atlantic Salmon Fillet,Mediterranean Harvest,MEAT_SEAFOOD,Executive Conference Pavilion,Winter,LUNCH,5,1369,477,488,2.3,0.0894,14.9,5.4,1
2026-02-22,Garden Mixed Greens & Baby Spinach,Asian Wok & Noodle Bar,VEGETABLES,North Academic Commons,Winter,DINNER,6,1664,587,635,8.2,0.1556,32.0,26.6,1
2026-02-22,Braised Prime Beef Short Ribs,Asian Wok & Noodle Bar,MEAT_SEAFOOD,St. Mary Healthcare Nutrition Center,Winter,DINNER,6,1619,548,569,3.8,0.0756,14.5,18.5,1
2026-02-23,Lemon Rosemary Grilled Chicken Breast,Chef's Daily Carvery Special,MEAT_SEAFOOD,Central University Dining Hall,Winter,BANQUET,0,1856,617,670,8.6,0.0807,17.4,14.8,1
2026-02-23,Artisan Sourdough Rolls & Baguettes,Chef's Daily Carvery Special,BAKERY,Executive Conference Pavilion,Winter,BANQUET,0,1883,630,687,9.0,0.1028,22.7,18.7,1
2026-02-24,Greek Yogurt & Fresh Berry Parfait,Global Plant-Forward Fusion,DAIRY,St. Mary Healthcare Nutrition Center,Winter,LUNCH_DINNER_COMBO,1,1062,260,286,10.0,0.0983,8.9,6.5,1
2026-02-24,Tuscan Penne alla Vodka,Global Plant-Forward Fusion,GRAINS_PASTA,North Academic Commons,Winter,LUNCH_DINNER_COMBO,1,1485,372,415,11.6,0.1185,15.4,16.0,1
2026-02-25,Steamed Saffron Basmati Rice Pilaf,Classic American Comfort,GRAINS_PASTA,Executive Conference Pavilion,Winter,BREAKFAST,2,1626,556,634,14.0,0.1313,25.5,27.0,1
2026-02-25,Steamed Seasonal Market Vegetables,Classic American Comfort,VEGETABLES,Central University Dining Hall,Winter,BREAKFAST,2,1519,530,583,10.0,0.1502,27.9,28.0,1
2026-02-26,Roasted Mediterranean Ratatouille,Mediterranean Harvest,VEGETABLES,North Academic Commons,Winter,LUNCH,3,1774,611,664,8.7,0.1526,32.6,20.9,1
2026-02-26,Artisan Four-Cheese Beef Lasagna,Mediterranean Harvest,GRAINS_PASTA,St. Mary Healthcare Nutrition Center,Winter,LUNCH,3,1578,540,576,6.7,0.0757,14.3,14.1,1
2026-02-27,Herb-Crusted Atlantic Salmon Fillet,Asian Wok & Noodle Bar,MEAT_SEAFOOD,Executive Conference Pavilion,Winter,DINNER,4,1678,578,752,30.1,0.0318,6.4,85.9,1
2026-02-27,Creamy Wild Mushroom Soup,Asian Wok & Noodle Bar,PREPARED_SOUP,Central University Dining Hall,Winter,DINNER,4,2396,807,951,17.8,0.1204,34.0,111.0,1
2026-02-28,Braised Prime Beef Short Ribs,Chef's Daily Carvery Special,MEAT_SEAFOOD,St. Mary Healthcare Nutrition Center,Winter,BANQUET,5,1427,499,540,8.2,0.0574,10.0,33.1,1
2026-02-28,Garden Mixed Greens & Baby Spinach,Chef's Daily Carvery Special,VEGETABLES,North Academic Commons,Winter,BANQUET,5,1946,693,770,11.1,0.1743,42.3,39.7,1
2026-03-01,Lemon Rosemary Grilled Chicken Breast,Global Plant-Forward Fusion,MEAT_SEAFOOD,Central University Dining Hall,Spring,LUNCH_DINNER_COMBO,6,1423,362,376,3.9,0.1008,12.8,3.3,0
2026-03-01,Artisan Sourdough Rolls & Baguettes,Global Plant-Forward Fusion,BAKERY,Executive Conference Pavilion,Spring,LUNCH_DINNER_COMBO,6,1850,522,534,2.3,0.1423,26.0,16.1,1
2026-03-02,Greek Yogurt & Fresh Berry Parfait,Classic American Comfort,DAIRY,St. Mary Healthcare Nutrition Center,Spring,BREAKFAST,0,2320,790,850,7.6,0.1189,32.9,24.3,1
2026-03-02,Tuscan Penne alla Vodka,Classic American Comfort,GRAINS_PASTA,North Academic Commons,Spring,BREAKFAST,0,1295,495,535,8.1,0.101,17.5,19.2,1
2026-03-03,Steamed Saffron Basmati Rice Pilaf,Mediterranean Harvest,GRAINS_PASTA,Executive Conference Pavilion,Spring,LUNCH,1,1774,632,722,14.2,0.088,19.5,33.7,1
2026-03-03,Steamed Seasonal Market Vegetables,Mediterranean Harvest,VEGETABLES,Central University Dining Hall,Spring,LUNCH,1,1889,687,789,14.8,0.1596,38.4,45.0,1
2026-03-04,Artisan Four-Cheese Beef Lasagna,Asian Wok & Noodle Bar,GRAINS_PASTA,St. Mary Healthcare Nutrition Center,Spring,DINNER,2,1838,647,672,3.9,0.1214,27.5,8.7,1
2026-03-04,Roasted Mediterranean Ratatouille,Asian Wok & Noodle Bar,VEGETABLES,North Academic Commons,Spring,DINNER,2,932,336,382,13.7,0.1649,19.4,15.0,1
2026-03-05,Creamy Wild Mushroom Soup,Chef's Daily Carvery Special,PREPARED_SOUP,Central University Dining Hall,Spring,BANQUET,3,1975,750,785,4.7,0.1443,37.9,23.3,1
2026-03-05,Herb-Crusted Atlantic Salmon Fillet,Chef's Daily Carvery Special,MEAT_SEAFOOD,Executive Conference Pavilion,Spring,BANQUET,3,1174,382,409,7.1,0.1082,14.5,11.6,1
2026-03-06,Braised Prime Beef Short Ribs,Global Plant-Forward Fusion,MEAT_SEAFOOD,St. Mary Healthcare Nutrition Center,Spring,LUNCH_DINNER_COMBO,4,1446,313,407,30.0,0.0225,2.5,46.1,1
2026-03-06,Garden Mixed Greens & Baby Spinach,Global Plant-Forward Fusion,VEGETABLES,North Academic Commons,Spring,LUNCH_DINNER_COMBO,4,1824,509,588,15.5,0.1575,28.1,53.3,1
2026-03-07,Artisan Sourdough Rolls & Baguettes,Classic American Comfort,BAKERY,Executive Conference Pavilion,Spring,BREAKFAST,5,2297,784,873,11.4,0.1356,37.2,56.5,1
2026-03-07,Lemon Rosemary Grilled Chicken Breast,Classic American Comfort,MEAT_SEAFOOD,Central University Dining Hall,Spring,BREAKFAST,5,1592,564,579,2.7,0.0769,15.2,26.3,1
2026-03-08,Tuscan Penne alla Vodka,Mediterranean Harvest,GRAINS_PASTA,North Academic Commons,Spring,LUNCH,6,1911,708,789,11.4,0.1295,32.1,31.6,1
2026-03-08,Greek Yogurt & Fresh Berry Parfait,Mediterranean Harvest,DAIRY,St. Mary Healthcare Nutrition Center,Spring,LUNCH,6,1601,580,598,3.1,0.0895,18.2,13.6,1
2026-03-09,Steamed Saffron Basmati Rice Pilaf,Asian Wok & Noodle Bar,GRAINS_PASTA,Executive Conference Pavilion,Spring,DINNER,0,1717,637,685,7.5,0.078,17.4,18.7,1
2026-03-09,Steamed Seasonal Market Vegetables,Asian Wok & Noodle Bar,VEGETABLES,Central University Dining Hall,Spring,DINNER,0,1160,426,441,3.5,0.1763,26.3,13.0,1
2026-03-10,Artisan Four-Cheese Beef Lasagna,Chef's Daily Carvery Special,GRAINS_PASTA,St. Mary Healthcare Nutrition Center,Spring,BANQUET,1,1451,520,566,8.8,0.0712,13.0,17.1,1
2026-03-10,Roasted Mediterranean Ratatouille,Chef's Daily Carvery Special,VEGETABLES,North Academic Commons,Spring,BANQUET,1,1657,562,598,6.4,0.1499,29.5,19.5,1
2026-03-11,Herb-Crusted Atlantic Salmon Fillet,Global Plant-Forward Fusion,MEAT_SEAFOOD,Executive Conference Pavilion,Spring,LUNCH_DINNER_COMBO,2,2632,689,739,7.3,0.1115,26.9,21.9,1
2026-03-11,Creamy Wild Mushroom Soup,Global Plant-Forward Fusion,PREPARED_SOUP,Central University Dining Hall,Spring,LUNCH_DINNER_COMBO,2,962,222,253,14.0,0.1336,10.4,21.0,1
2026-03-12,Braised Prime Beef Short Ribs,Classic American Comfort,MEAT_SEAFOOD,St. Mary Healthcare Nutrition Center,Spring,BREAKFAST,3,1951,654,700,7.0,0.02,4.6,19.1,1
2026-03-12,Garden Mixed Greens & Baby Spinach,Classic American Comfort,VEGETABLES,North Academic Commons,Spring,BREAKFAST,3,1564,515,561,8.9,0.1551,28.0,21.8,1
2026-03-13,Artisan Sourdough Rolls & Baguettes,Mediterranean Harvest,BAKERY,Executive Conference Pavilion,Spring,LUNCH,4,1960,698,867,24.2,0.151,36.9,81.7,1
2026-03-13,Lemon Rosemary Grilled Chicken Breast,Mediterranean Harvest,MEAT_SEAFOOD,Central University Dining Hall,Spring,LUNCH,4,1661,655,748,14.2,0.1025,23.5,55.2,1
2026-03-14,Greek Yogurt & Fresh Berry Parfait,Asian Wok & Noodle Bar,DAIRY,St. Mary Healthcare Nutrition Center,Spring,DINNER,5,1241,440,470,6.8,0.0601,9.3,19.4,1
2026-03-14,Tuscan Penne alla Vodka,Asian Wok & Noodle Bar,GRAINS_PASTA,North Academic Commons,Spring,DINNER,5,1657,570,616,8.1,0.1577,31.5,26.1,1
2026-03-15,Steamed Seasonal Market Vegetables,Chef's Daily Carvery Special,VEGETABLES,Central University Dining Hall,Spring,BANQUET,6,1553,556,591,6.3,0.1825,35.5,6.5,1
2026-03-15,Steamed Saffron Basmati Rice Pilaf,Chef's Daily Carvery Special,GRAINS_PASTA,Executive Conference Pavilion,Spring,BANQUET,6,1794,604,630,4.3,0.1334,28.2,3.5,0
2026-03-16,Artisan Four-Cheese Beef Lasagna,Global Plant-Forward Fusion,GRAINS_PASTA,St. Mary Healthcare Nutrition Center,Spring,LUNCH_DINNER_COMBO,0,1748,417,435,4.3,0.0614,9.0,0.5,0
2026-03-16,Roasted Mediterranean Ratatouille,Global Plant-Forward Fusion,VEGETABLES,North Academic Commons,Spring,LUNCH_DINNER_COMBO,0,1020,246,252,2.4,0.1119,9.6,0.0,0
2026-03-17,Creamy Wild Mushroom Soup,Classic American Comfort,PREPARED_SOUP,Central University Dining Hall,Spring,BREAKFAST,1,1117,376,397,5.6,0.1234,16.2,6.3,1
2026-03-17,Herb-Crusted Atlantic Salmon Fillet,Classic American Comfort,MEAT_SEAFOOD,Executive Conference Pavilion,Spring,BREAKFAST,1,1504,526,547,4.0,0.0977,18.0,6.6,1
2026-03-18,Braised Prime Beef Short Ribs,Mediterranean Harvest,MEAT_SEAFOOD,St. Mary Healthcare Nutrition Center,Spring,LUNCH,2,1648,589,663,12.6,0.0728,15.0,35.3,1
2026-03-18,Garden Mixed Greens & Baby Spinach,Mediterranean Harvest,VEGETABLES,North Academic Commons,Spring,LUNCH,2,2094,766,853,11.4,0.1101,29.5,37.8,1
2026-03-19,Artisan Sourdough Rolls & Baguettes,Asian Wok & Noodle Bar,BAKERY,Executive Conference Pavilion,Spring,DINNER,3,677,237,262,10.5,0.1665,13.8,0.3,0
2026-03-19,Lemon Rosemary Grilled Chicken Breast,Asian Wok & Noodle Bar,MEAT_SEAFOOD,Central University Dining Hall,Spring,DINNER,3,1767,636,711,11.8,0.0767,17.1,31.8,1
2026-03-20,Greek Yogurt & Fresh Berry Parfait,Chef's Daily Carvery Special,DAIRY,St. Mary Healthcare Nutrition Center,Spring,BANQUET,4,1279,439,497,13.2,0.0663,10.2,44.0,1
2026-03-20,Tuscan Penne alla Vodka,Chef's Daily Carvery Special,GRAINS_PASTA,North Academic Commons,Spring,BANQUET,4,1382,473,608,28.5,0.1417,23.5,60.3,1
2026-03-21,Steamed Seasonal Market Vegetables,Global Plant-Forward Fusion,VEGETABLES,Central University Dining Hall,Spring,LUNCH_DINNER_COMBO,5,1900,469,488,4.1,0.0795,13.0,16.9,1
2026-03-21,Steamed Saffron Basmati Rice Pilaf,Global Plant-Forward Fusion,GRAINS_PASTA,Executive Conference Pavilion,Spring,LUNCH_DINNER_COMBO,5,1556,383,416,8.6,0.1269,17.0,14.2,1
2026-03-22,Artisan Four-Cheese Beef Lasagna,Classic American Comfort,GRAINS_PASTA,St. Mary Healthcare Nutrition Center,Spring,BREAKFAST,6,1746,610,627,2.8,0.02,4.3,12.5,1
2026-03-22,Roasted Mediterranean Ratatouille,Classic American Comfort,VEGETABLES,North Academic Commons,Spring,BREAKFAST,6,1332,516,562,8.9,0.1688,30.5,19.1,1
2026-03-23,Herb-Crusted Atlantic Salmon Fillet,Mediterranean Harvest,MEAT_SEAFOOD,Executive Conference Pavilion,Spring,LUNCH,0,1730,615,679,10.4,0.02,4.3,25.3,1
2026-03-23,Creamy Wild Mushroom Soup,Mediterranean Harvest,PREPARED_SOUP,Central University Dining Hall,Spring,LUNCH,0,1535,508,535,5.3,0.1965,34.9,10.1,1
2026-03-24,Garden Mixed Greens & Baby Spinach,Asian Wok & Noodle Bar,VEGETABLES,North Academic Commons,Spring,DINNER,1,2091,707,777,9.9,0.1634,40.4,27.9,1
2026-03-24,Braised Prime Beef Short Ribs,Asian Wok & Noodle Bar,MEAT_SEAFOOD,St. Mary Healthcare Nutrition Center,Spring,DINNER,1,2100,743,844,13.6,0.0511,13.3,40.9,1
2026-03-25,Artisan Sourdough Rolls & Baguettes,Chef's Daily Carvery Special,BAKERY,Executive Conference Pavilion,Spring,BANQUET,2,1792,672,723,7.6,0.1966,46.2,31.0,1
2026-03-25,Lemon Rosemary Grilled Chicken Breast,Chef's Daily Carvery Special,MEAT_SEAFOOD,Central University Dining Hall,Spring,BANQUET,2,2033,700,797,13.9,0.0817,20.0,31.6,1
2026-03-26,Greek Yogurt & Fresh Berry Parfait,Global Plant-Forward Fusion,DAIRY,St. Mary Healthcare Nutrition Center,Spring,LUNCH_DINNER_COMBO,3,1679,400,431,7.7,0.0482,6.7,14.7,1
2026-03-26,Tuscan Penne alla Vodka,Global Plant-Forward Fusion,GRAINS_PASTA,North Academic Commons,Spring,LUNCH_DINNER_COMBO,3,1615,408,419,2.7,0.0932,13.3,0.0,0
